Company Name,Company Website,Company Location,Sector,Classification,Source
GingerBread,https://www.gingerbread.co.in/,Chennai,IT/Business Services,Company,OpenStreetMap
Green Park - Chennai,http://www.hotelgreenpark.com/default.htm,Arcot Road  Chennai,IT/Business Services,Company,OpenStreetMap
Courtyard Marriott,https://www.marriott.com/en-us/hotels/maacy-courtyard-chennai/overview/,Anna Salai (Mount Road)  Chennai,IT/Business Services,Company,OpenStreetMap
Karur Vysya Bank,https://www.kvb.co.in,Chennai,IT/Business Services,Company,OpenStreetMap
Canara Bank,https://www.canarabank.com/,Chennai,IT/Business Services,Company,OpenStreetMap
Indian Bank,https://www.indianbank.in/,Chennai,IT/Business Services,Company,OpenStreetMap
Axis Bank,https://www.axisbank.com,4th Main Road  Chennai,IT/Business Services,Company,OpenStreetMap
Padmanabha Nagar,https://www.greedge.com/,Chennai,IT/Business Services,Company,OpenStreetMap
Adyar Ananda Bhavan,https://aabsweets.com,RK Mutt Road  Chennai,IT/Business Services,Company,OpenStreetMap
Spencers,https://www.spencers.in/,2nd Avenue  Chennai,IT/Business Services,Company,OpenStreetMap
State Bank of India,https://www.sbi.co.in,Chennai,IT/Business Services,Company,OpenStreetMap
Sri Krishna Gana Sabha - Auditorium,https://www.krishnaganasabha.org/,Maharajapuram Santhanam Salai  Chennai,IT/Business Services,Company,OpenStreetMap
MIOT International,https://www.miotinternational.com/,"4/112, Mount Poonamalle High Rd, Sathya Nagar, Manapakkam, Chennai, Tamil Nadu 600089  Chennai",IT/Business Services,Company,OpenStreetMap
Central Institute of Petrochemicals Engineering and Technology,https://www.cipet.gov.in/,Chennai,IT Services,Company,OpenStreetMap
Akshaya Shanthi,https://www.akshaya.com/,"27/44, Mount Road, 27/44, Anna Salai, Border Thottam, Padupakkam, Triplicane, Chennai, Tamil Nadu 600002  Chennai",IT/Business Services,Company,OpenStreetMap
Central Bank of India,https://www.centralbankofindia.co.in,Chennai,IT/Business Services,Company,OpenStreetMap
HDFC Bank,https://www.hdfcbank.com,Chennai,IT/Business Services,Company,OpenStreetMap
Alliance Francais,https://madras.afindia.org/,College Road  Chennai,IT/Business Services,Company,OpenStreetMap
Indian Overseas Bank,https://www.iob.in,Chennai,IT/Business Services,Company,OpenStreetMap
Spencers Daily,https://www.spencers.in/,CP Ramaswamy Road  Chennai,IT/Business Services,Company,OpenStreetMap
Waitrose,https://www.waitrose.com/,P. S. Sivasamy Street  Chennai,IT/Business Services,Company,OpenStreetMap
Bank of Baroda,http://www.bankofbaroda.com,Chennai,IT/Business Services,Company,OpenStreetMap
AU-KBC Research Centre,https://www.au-kbc.org/,Chennai,IT/Business Services,Company,OpenStreetMap
AVM Rajeswari Theatre,https://avmrajeswaritheatre.com/,"No.7, Arcot Rd, Ottagapalayam, Kannika Puram, Vadapalani, Chennai, Tamil Nadu 600026  Chennai",IT/Business Services,Company,OpenStreetMap
Kamala Cinemas,http://kamalacinemas.com/,Chennai,IT/Business Services,Company,OpenStreetMap
Vasantha Bhavan,https://www.vasantabhavan.in/,Chennai,IT/Business Services,Company,OpenStreetMap
Punjab National Bank,https://www.pnbindia.in,Chennai,IT/Business Services,Company,OpenStreetMap
IDBI Bank,https://www.idbibank.in,Abhiramapuram 1st Street  Chennai,IT/Business Services,Company,OpenStreetMap
Grace Supermarket,https://www.graceonline.in/,MMDA Colony Main Rd  Chennai,IT/Business Services,Company,OpenStreetMap
Star Bazaar,https://starbazaarindia.com/,Nelson Manickam Road  Chennai,IT/Business Services,Company,OpenStreetMap
The Institute of Mathematical Sciences,https://www.imsc.res.in/,Chennai,IT/Business Services,Company,OpenStreetMap
Spencers Super Market,https://www.spencers.in/,Arunachalam St  Chennai,IT/Business Services,Company,OpenStreetMap
Inox National,https://www.inoxmovies.com,"Arcot Road, Chandra Metro Mall, Virugambakkam Old 92, New 262, Chennai, Tamil Nadu 600092  Chennai",IT/Business Services,Company,OpenStreetMap
Hot Kitchen,http://www.hotkitchenecr.com/,East Costal Road  Chennai,IT/Business Services,Company,OpenStreetMap
WINNER TECH,https://www.winnertech.in/,Veerappa Nagar  Chennai,IT/Business Services,Company,OpenStreetMap
Ponnusamy Hotel,https://www.ponnusamyhotels.com/,"Anna Salai, Saidapet  Chennai",IT/Business Services,Company,OpenStreetMap
McDonald's,https://www.mcdonaldsindia.com/,"Dr.Seetharaman Nagar,Velacherry Village  Chennai",IT/Business Services,Company,OpenStreetMap
Nathella Jewellery,nathella.com/,Chennai,IT/Business Services,Company,OpenStreetMap
KFC,http://www.kfc.co.in/,"Vijaynagar, 3rd Cross Street  Chennai",IT/Business Services,Company,OpenStreetMap
Texas Fiesta,www.texasfiesta.in,"#17/2, Shaffee Mohammed Road, Off Greams & Khader Nawaz Khan Road  Chennai",IT/Business Services,Company,OpenStreetMap
Bank of India,https://www.bankofindia.co.in/,Chennai,IT/Business Services,Company,OpenStreetMap
Mash,www.mashrestocafe.com,"Haddows 2nd Street, Nungambakkam  Chennai",IT/Business Services,Company,OpenStreetMap
ICICI Bank,https://www.icicibank.com,LIC Colony Main Road  Chennai,IT/Business Services,Company,OpenStreetMap
Adyar Anand Bhavan,https://aabsweets.com,Grand Southern Trunk Road  Chennai,IT/Business Services,Company,OpenStreetMap
Allahabad Bank,https://www.allahabadbank.in,Chennai,IT/Business Services,Company,OpenStreetMap
The Farm,https://www.thefarmchennai.com/,Chennai,IT/Business Services,Company,OpenStreetMap
Union Bank of India,https://www.unionbankofindia.co.in/,Chennai,IT/Business Services,Company,OpenStreetMap
BSNL Telephone Exchange,https://www.chennai.bsnl.co.in/,"Periyar Street, Anna Nagar, Chithalapakkam  Chennai",IT/Business Services,Company,OpenStreetMap
KumaranKundram,https://mtcbus.org/,Chennai,IT/Business Services,Company,OpenStreetMap
Service Integrator,http://gcl.in/,Alwarpet  Chennai,IT/Business Services,Company,OpenStreetMap
Visionation Property Care,https://www.visionation.in/,Montieth Road  Chennai,IT/Business Services,Company,OpenStreetMap
Pazhamudhir Cholai,http://www.pazhamudhircholai.com,Jagannathapuram 1st Main road  Chennai,IT/Business Services,Company,OpenStreetMap
GlobalEnglish India Pvt Ltd.,https://globalenglish.com/,Mount Poonamallee Highway  Chennai,IT/Business Services,Company,OpenStreetMap
Chennai Jayanth Acupuncture Clinic,https://chennaiacupuncture.com/,"School Street, Koyambedu  Chennai",IT/Business Services,Company,OpenStreetMap
"AGS Cinemas, Vivira Mall",https://viviramall.com/ags/,Chennai,IT Services,Company,OpenStreetMap
unitags training,http://www.unitags.in,Chennai,IT/Business Services,Company,OpenStreetMap
चेन्नई में जापान के वाणिज्य दूतावास जनरल,https://www.chennai.in.emb-japan.go.jp/index.html,Chennai,IT/Business Services,Company,OpenStreetMap
LIC Premium Point,http://www.easylicindia.com,Rajiv Gandhi Salai  Chennai,IT/Business Services,Company,OpenStreetMap
Eloka Enterprises Private Limited,https://eloka.net/,Padmanabha Nagar 5th Street  Chennai,IT/Business Services,Company,OpenStreetMap
Enabled.in - Disability Information Web Site,https://enabled.in/wp/,Anna Salai (Mount Road)  Chennai,IT/Business Services,Company,OpenStreetMap
UCO Bank,https://www.ucobank.com,Velachery - Tambaram Main Road  Chennai,IT/Business Services,Company,OpenStreetMap
SSM Nagar,http://www.ssmbuilders.in/builders17/default.aspx,Chennai,IT/Business Services,Company,OpenStreetMap
Eureka Associates,http://www.eurekaassociates.in/,Chandradevanesan Street  Chennai,IT/Business Services,Company,OpenStreetMap
The French Loaf,https://thefrenchloaf.in/,Medavakkam Main Road  Chennai,IT/Business Services,Company,OpenStreetMap
Logic Soft Pvt. Ltd.,https://www.logicsoft.co.in/,Chokkalingam Nagar  Chennai,IT/Business Services,Company,OpenStreetMap
USAM Technology Solutions - CAD Services,https://usam.in/,Chennai,IT Services,Company,OpenStreetMap
DHANA STICKERS,dhanastickers.com,Poonamallee High Road  Chennai,IT/Business Services,Company,OpenStreetMap
Avereconsulting HQ,http://avereconsult.com/,Chennai,Business/Consulting,Company,OpenStreetMap
Andhra Bank,https://www.andhrabank.in,Medavakkam Main Road  Chennai,IT/Business Services,Company,OpenStreetMap
Hotel Ibis Chennai Sipcot,https://all.accor.com/hotel/6715/index.en.shtml,Chennai,IT/Business Services,Company,OpenStreetMap
Lifestyle,https://www.lifestylestores.com/,Chennai,IT/Business Services,Company,OpenStreetMap
Payilagam,https://payilagam.com/,Vijaya Nagar 3rd Cross Street Velachery Chennai,IT/Business Services,Company,OpenStreetMap
Saravana Bhavan,https://saravanabhavan.com//,"2nd Avenue, Anna Nagar  Chennai",IT/Business Services,Company,OpenStreetMap
TAJ KAZURA ( A Comfort Stay),www.tajkazura.com,"Kazura Garden,2nd Street,  Chennai",IT/Business Services,Company,OpenStreetMap
Mansuk's,http://mansuksweets.com,7th Avenue  Chennai,IT/Business Services,Company,OpenStreetMap
Qmax Test Equipments Private Limited,https://www.qmaxtest.com/,Elcot Avenue Sholinganallur Chennai,IT/Business Services,Company,OpenStreetMap
Durable Chrome Factory,https://www.durablechromefactory.in/,Chennai,IT/Business Services,Company,OpenStreetMap
Khadims,https://www.khadims.com/,Chennai,IT/Business Services,Company,OpenStreetMap
Touchmark Media,http://www.touchmarkmedia.in,"92nd St, 18th avenue, Ashok Nagar  Chennai",IT Services,Company,OpenStreetMap
Pandian Computers Chennai,www.pcchennai.in,kattabomman Street  Chennai,IT/Business Services,Company,OpenStreetMap
Blaze Dream Technologies Pvt Ltd,https://www.blazedream.com/,Pycrofts Garden Road  Chennai,IT/Business Services,Company,OpenStreetMap
Corporation Bank,https://corpbank.com/,Chennai,IT/Business Services,Company,OpenStreetMap
"Department of Criminology, University of Madras",https://www.unom.ac.in/index.php?route=department/department/deptpage&deptid=22,Chennai,IT/Business Services,Company,OpenStreetMap
Versutus Management Service Private ltd,https://www.versutus.com/,Kutchery Road  Chennai,Business/Consulting,Company,OpenStreetMap
Kalakshetra Foundation,kalakshetra.com,Anna St  Chennai,IT/Business Services,Company,OpenStreetMap
R6 KUMARAN NAGAR POLICE STATION ,tnpolice.gov.in,"3rd St, Ragavan Colony, Mettuppalayam, Ashok Nagar, Chennai, Tamil Nadu 600083  Chennai",IT/Business Services,Company,OpenStreetMap
iBoad,https://iboad.com/,"Kalaivanar Street, Ancheneyar nagar, Jalladianpet  Chennai",IT/Business Services,Company,OpenStreetMap
Firstcry.com Store Chennai Sholinganallur,https://www.firstcry.com/,Old Mahabalipuram Road  Chennai,IT/Business Services,Company,OpenStreetMap
Tamilnadu Teachers Education University,https://www.tnteu.in/,Chennai,IT/Business Services,Company,OpenStreetMap
Pondicherry Maritime Academy Chennai,https://www.pondicherrymaritime.com/,Angappan Naicken Street  Chennai,IT/Business Services,Company,OpenStreetMap
Apollo Pharmacy,https://www.apollopharmacy.in/,53rd Street  Chennai,IT/Business Services,Company,OpenStreetMap
J.J Nagar Police Booth (V3),tnpolice.gov.in,"ambattur Industrial Estate Road, Anna Nagar, J J Nagar, Mogappair East,  Chennai",IT/Business Services,Company,OpenStreetMap
FotoZone,https://fotozoneindia.com/,"Spurtank Road, Chetpet  Chennai",IT/Business Services,Company,OpenStreetMap
Otomatiks Parrys,https://www.otomatiks.com,Somu Chetty 4th Street  Chennai,IT/Business Services,Company,OpenStreetMap
SRM Institutes For Medical Science,https://www.simshospitals.com/,Jawaharlal Nehru Road (100 Feet Road)  Chennai,IT/Business Services,Company,OpenStreetMap
Shah Polymers,https://shahpolymers.com/,"Tannery St, Pallavaram  Chennai",IT/Business Services,Company,OpenStreetMap
Harini's Aishwaryam,hariniaishwaryam.blogspot.in,"Harini's Aishwaryam, Indian Air Force (IAF) Road  Chennai",IT/Business Services,Company,OpenStreetMap
MS Green Valley Gated Community Plots,https://msfoundations.co.in/,"Kundrathur Main Road, Kumananchavadi  Chennai",IT/Business Services,Company,OpenStreetMap
Alliance Orchid Springss,https://www.orchidsprings.in/,"Water Canal Road, Before DRJ Hospital,, Near Anna Nagar, Korattur Tank, Korattur  Chennai",IT/Business Services,Company,OpenStreetMap
Bollineni Hillside,bollinenihillside.com,"Nookampalayam Rd, Nookampalayam, Arasankazhani, Sithalapakkam  Chennai",IT/Business Services,Company,OpenStreetMap
Casa Grande -The Riviera,casagrande.in,Velachery Main Road  Chennai,IT/Business Services,Company,OpenStreetMap
VGN Pinnacle,https://vgn.in/,Mugalivakkam Main Road  Chennai,IT/Business Services,Company,OpenStreetMap
Baashyaam Happy Windows,https://www.bashyamgroup.com/,"AR NAGAR, CTA GARDEN, Kattupakkam, Padmavathi Nagar, Kamatchiamman Nagar, Poonamallee, Chennai  Chennai",IT/Business Services,Company,OpenStreetMap
ETA Star Jasmine Court,etastar.com,"Opposite Yamaha Showroom,, Survey No-214/32, Mount Poonamalle High Road, Jayalakshmi Nagar, Goparasanallur, Goparasanallur,  Chennai",IT/Business Services,Company,OpenStreetMap
KG Green Meadows,https://kgbuilders.com/,mahalakshmi nagar 3rd main road  Chennai,IT/Business Services,Company,OpenStreetMap
"12.972975, 80.218531",arsnest.com,6th Main Road  Chennai,IT/Business Services,Company,OpenStreetMap
Malles Arcadiaa,https://www.malles.in/,Chennai,IT/Business Services,Company,OpenStreetMap
Nahar Deep,https://nahars.com/,"Balu St, Kamaraj Nagar, Thiruvanmiyur, Chennai  Chennai",IT/Business Services,Company,OpenStreetMap
The Atrium,https://chennaiatrium.tripod.com/,"Kalakshetra Rd, Valluvar Nagar, Thiruvanmiyur, Chennai, Tamil Nadu  Chennai",IT/Business Services,Company,OpenStreetMap
Isha Homes,https://www.ishahomes.com/,"Megawin Towers, 2nd Ave, GOCHS Colony, Besant Nagar  Chennai",IT/Business Services,Company,OpenStreetMap
Navins Septem,https://navins.in/,"2nd Avenue, Indira Nagar, Adyar, Chennai - 600, 020, Indira Nagar, Adyar  Chennai",IT/Business Services,Company,OpenStreetMap
Ramaniyam,https://ramaniyam.com/,"Mahatma Gandhi Rd, Subramaniam Colony, Adyar  Chennai",IT/Business Services,Company,OpenStreetMap
Nahar Niketan,https://nahars.com/,"Indira Nagar 1st Main Rd, Indira Nagar, Adyar  Chennai",IT/Business Services,Company,OpenStreetMap
Nahar Cora,https://nahars.com/,"Ellaiyamman Koil St, Vannanthurai, Adyar,  Chennai",IT/Business Services,Company,OpenStreetMap
Lakshmi Nest,http://lakshminest.com/,1st Canal Cross Street Adyar Chennai,IT/Business Services,Company,OpenStreetMap
Ceedeeyes,ceedeeyes.in,"Sengani Amman Koil St, Mosque Colony, Maduvinkarai, Guindy  Chennai",IT/Business Services,Company,OpenStreetMap
Casa Grande Monte Carlo,casagrande.in,"Nagapattinam-Chennai Highway, NGR Colony, Gotha Medu Housing Board, Saidapet, NGR Colony, Gotha Medu Housing Board, West Saidapet  Chennai",IT/Business Services,Company,OpenStreetMap
chennai sea port,https://www.chennaiport.gov.in/,Chennai,IT/Business Services,Company,OpenStreetMap
Sree Amruthaa Palace,https://www.amruthaapalace.com/,Chennai,IT/Business Services,Company,OpenStreetMap
GRT Jewellers,https://www.grtjewels.com/,Chennai,IT/Business Services,Company,OpenStreetMap
Cafeteria,www.ccd.com,Govindu Street  Chennai,IT/Business Services,Company,OpenStreetMap
IIT Madras,https://www.iitm.ac.in/,Chennai,IT/Business Services,Company,OpenStreetMap
Nallasivan library,tncpim.org,vaithiyanathan street  Chennai,IT/Business Services,Company,OpenStreetMap
Block 27,https://apartmentadda.com/jeevan-bhima-nagar,Jeevan Bhima Nagar  Chennai,IT/Business Services,Company,OpenStreetMap
Starbucks,https://www.starbucks.in/,"TBR Tower, Near Ayyappa Temple, 2nd Avenue, Block Y, Anna Nagar, Y Block, Anna Nagar, Chennai, Tamil Nadu 600040  Chennai",IT/Business Services,Company,OpenStreetMap
Bombay Dyeing,https://bombaydyeing.com/,Chennai,IT/Business Services,Company,OpenStreetMap
NSIC,https://nsic.co.in/,Chennai,IT/Business Services,Company,OpenStreetMap
Excelencia itech consulting pvt limited,https://excelenciaconsulting.com/,Chennai,Business/Consulting,Company,OpenStreetMap
Mogappair West Bus Terminus,https://mtcbus.org/,"Goodwill Street, Mogappair West, Ambattur Industrial Estate  Chennai",IT/Business Services,Company,OpenStreetMap
TVS Show Room,https://www.tvsmotor.com/,"1st Ave, 4th Block, Mogappair West, Mogappair  Chennai",IT/Business Services,Company,OpenStreetMap
Vishnu Eye Clinic,http://vishnueyeclinic.com,"4th Block, Mogappair West, Ambattur Industrial Estate  Chennai",IT/Business Services,Company,OpenStreetMap
BSNL Office,https://www.bsnl.co.in/,"Mogappair West, Mogappair  Chennai",IT/Business Services,Company,OpenStreetMap
Royal Mens Hostel Chennai,http://www.royalhostel.in,"4th Block, Mogappair West, Ambattur Industrial Estate  Chennai",IT/Business Services,Company,OpenStreetMap
Van Heusen,https://www.vanheusenindia.com/,"Mogappair West Main Road, Ambattur Industrial Estate  Chennai",IT/Business Services,Company,OpenStreetMap
Allen Solly,https://www.allensolly.com/,"Mogappair West Main Road, Ambattur Industrial Estate  Chennai",IT/Business Services,Company,OpenStreetMap
Louis Philippe,https://www.louisphilippe.com/,"Mogappair West Main Road, Ambattur Industrial Estate  Chennai",IT/Business Services,Company,OpenStreetMap
Peter England,https://www.peterengland.com/,"Mogappair West Main Road, Ambattur Industrial Estate  Chennai",IT/Business Services,Company,OpenStreetMap
Thirumangalam EB Office Bus Stop,https://mtcbus.org/,Ambattur Estate Road  Chennai,IT/Business Services,Company,OpenStreetMap
ObjectFrontier Software,https://www.objectfrontier.com/,Taramani Road  Chennai,IT Services,Company,OpenStreetMap
Zostel,https://zostel.com/zostel/chennai,"Ellaiamman colony, 5th street,Teynampet, Chennai, Tamil Nadu 600018  Chennai",IT/Business Services,Company,OpenStreetMap
Olympia Opaline,https://www.olympiagroup.in/olympia-opaline/index.html,Chennai,IT/Business Services,Company,OpenStreetMap
Loyola Institute of Business Administration,https://liba.edu/,Chennai,Business/Consulting,Company,OpenStreetMap
Trail cloud innovation services Pvt.Ltd,https://www.trail.do/,Thiruvalluvar salai  Chennai,IT Services,Company,OpenStreetMap
Decathlon,https://www.decathlon.in/,Chennai,IT/Business Services,Company,OpenStreetMap
Way2SearchAnything,https://www.way2searchonlineshopping.com/,"Padikuppam road, Balaji Nagar, Thirumangalam, Anna Nagar West, Chennai  Chennai",IT/Business Services,Company,OpenStreetMap
The Spring Hotel,https://www.thespringhotel.com/,Kodambakkam High Road  Chennai,IT/Business Services,Company,OpenStreetMap
King Institute of Preventive Medicine and Research,https://www.kipmr.org.in/,Chennai,Electric/Energy,Company,OpenStreetMap
ST Courier,http://stcourier.com/,MKN Road  Chennai,IT/Business Services,Company,OpenStreetMap
Ducen IT,https://www.ducenit.com/,Old Mahabalipuram Road  Chennai,Business/Consulting,Company,OpenStreetMap
Hotel Pandian,https://hotelpandian.com/,"Kennet Ln, Egmore, Chennai, Tamil Nadu 600008  Chennai",IT/Business Services,Company,OpenStreetMap
CodeMyCompany,https://www.codemycompany.com/,City Limits Road  Chennai,IT/Business Services,Company,OpenStreetMap
Shanthi Tailors Pvt Ltd,www.shanthidanceneeds.com,Sannadhi Street  Chennai,IT/Business Services,Company,OpenStreetMap
Holiday Inn Express Chennai OMR Thoraipakkam,https://www.ihg.com/holidayinnexpress/hotels/us/en/chennai/maatp/hoteldetail,OMR Road  Chennai,IT/Business Services,Company,OpenStreetMap
Newsclick TN Office,https://newsclick.in,Narashiman 2nd Street  Chennai,IT/Business Services,Company,OpenStreetMap
Free Software Foundation Tamil Nadu (FSFTN),https://fsftn.org,Chennai,IT Services,Company,OpenStreetMap
Cho Chweet - Pet Shop,chochweet.in,North Boag Road  Chennai,IT/Business Services,Company,OpenStreetMap
lenskart.com,https://lenskart.com,Chennai,IT/Business Services,Company,OpenStreetMap
McKinsey & Company Chennai Knowledge Center,https://www.mckinsey.com/knowledge-network/chennai,Chennai,IT/Business Services,Company,OpenStreetMap
McKinsey & Company,https://www.mckinsey.com/in,Chennai,Business/Consulting,Company,OpenStreetMap
Magalir Satta Uthavi Maiyam (MSUM),https://msum.in,6th Main Road  Chennai,IT/Business Services,Company,OpenStreetMap
Hotel Shelter Inn,https://www.hotelshelter.com/,Venkatesa Agraharam  Chennai,IT/Business Services,Company,OpenStreetMap
Beez Innovation Labs Pvt. Ltd.,https://www.beezlabs.com/,"SP-7A, South Phase, Guindy Industrial Estate, Guindy  Chennai",IT/Business Services,Company,OpenStreetMap
Tamilnadu Test House,https://www.tamilnadutesthouse.com/,"Lakshmi Kanthammal Street, Rajiv Nagar, Vanagaram  Chennai",IT/Business Services,Company,OpenStreetMap
Apollo Cancer Centres,https://apollocancercentres.com/,"Anna Salai, Teynampet,  Chennai",IT/Business Services,Company,OpenStreetMap
Landsteiner Lakshmi Memorial Research Foundation's Blood Bank,https://llmrfbloodbank.com/,Chennai,IT/Business Services,Company,OpenStreetMap
Jeevan Blood Bank and Research Centre,https://www.jeevan.org/,Chennai,Electric/Energy,Company,OpenStreetMap
Raja Annamalai Puram Dispensary No.6,http://nb.bsf.gov.in/CGHS%20DIspenseries.pdf,Chennai,IT/Business Services,Company,OpenStreetMap
Gopalapuram Dispensary,http://nb.bsf.gov.in/CGHS%20DIspenseries.pdf,Chennai,IT/Business Services,Company,OpenStreetMap
Guindy Dispensary,http://nb.bsf.gov.in/CGHS%20DIspenseries.pdf,Chennai,IT/Business Services,Company,OpenStreetMap
Janaki E.N.T. Nursing Home,http://www.janakient.com/,Chennai,IT/Business Services,Company,OpenStreetMap
Kummaran Eye Speciality Centre,http://www.kumaraneyecare.in/,Chennai,IT/Business Services,Company,OpenStreetMap
Nandambakkam Dispensary,http://nb.bsf.gov.in/CGHS%20DIspenseries.pdf,Chennai,IT/Business Services,Company,OpenStreetMap
Nungambakkam Dispensary CandB Block,http://nb.bsf.gov.in/CGHS%20DIspenseries.pdf,Chennai,IT/Business Services,Company,OpenStreetMap
Perambur Dispensary,http://nb.bsf.gov.in/CGHS%20DIspenseries.pdf,Chennai,IT/Business Services,Company,OpenStreetMap
Avm Medical Ent Research Foundation Pvt Ltd,https://avmmerf.in/contact.php,Chennai,IT/Business Services,Company,OpenStreetMap
Fabindia,https://www.fabindia.com/,East Coast Road SH49  Chennai,IT/Business Services,Company,OpenStreetMap
Black Box,https://www.instagram.com/blackbox001,Kumarappa Street  Chennai,IT/Business Services,Company,OpenStreetMap
Quadkast Technologies,http://quadkast.com/,Chennai,IT Services,Company,OpenStreetMap
DHL Express (India) Pvt,https://www.dhl.co.in/,"12B, 3rd Cross Road, South Phase, Guindy Industrial Estate, Behind Olympia Techpark, Chennai, Tamil Nadu 600032  Chennai",IT/Business Services,Company,OpenStreetMap
Adyar Dispensary,http://nb.bsf.gov.in/CGHS%20DIspenseries.pdf,Chennai,IT/Business Services,Company,OpenStreetMap
K.K. Nagar Dispensary and Polyclinic,http://nb.bsf.gov.in/CGHS%20DIspenseries.pdf,Chennai,IT/Business Services,Company,OpenStreetMap
Kappa Chakka Kandhari,https://www.kappachakkakandhari.com,Haddows Road Nungambakkam Chennai,IT/Business Services,Company,OpenStreetMap
Mayori Conscious Clothing Store,https://www.mayori.in,Khader Nawaz Khan Road  Chennai,IT/Business Services,Company,OpenStreetMap
Sea La Vie,https://sealavieresort.com/,Chennai,IT/Business Services,Company,OpenStreetMap
Roro Garage,https://rorogarage.com/,"Sevaliar Shivaji street, Ancheneyar nagar,Jalladianpet,  Chennai",IT/Business Services,Company,OpenStreetMap
Scans World,http://www.scansworld.in,Chennai,IT/Business Services,Company,OpenStreetMap
Yaa Mohaideen,https://yaamohaideenbriyani.com/,Grand Southern Trunk Road  Chennai,IT/Business Services,Company,OpenStreetMap
Peace Academy Chennai,https://peaceacademy.in/info/,Murrays Gate Road  Chennai,IT/Business Services,Company,OpenStreetMap
Yaathum.Life,https://www.bodhisays.com/,Vellalar Street  Chennai,IT/Business Services,Company,OpenStreetMap
Dhaarani’s Divine Smiles,https://ovmstudios.in/server/ddsmiles/index.html,Sabari Salai  Chennai,IT/Business Services,Company,OpenStreetMap
Nalli,https://www.nalli.com/,Grand Southern Trunk Road  Chennai,IT/Business Services,Company,OpenStreetMap
The Legend Saravana Store - Furniture Showroom,https://saravanastoreslegend.co.in/,"AP Block, Sector A, Anna Nagar West Extension, Chennai, Tamil Nadu  Chennai",IT/Business Services,Company,OpenStreetMap
Royal Residency,http://royalresidencychennai.com/,S.V. Chidambaram Salai Jafferkhanpet Chennai,IT/Business Services,Company,OpenStreetMap
R10 MGR Nagar Police Station,tnpolice.gov.in,"Guru Siva St, Sapthagiri Colony, West Jafferkhanpet, Chennai, Tamil Nadu 600083  Chennai",IT/Business Services,Company,OpenStreetMap
SPI Palazzo Chennai,https://www.pvrcinemas.com/,"Forum Vijaya Mall, 3rd, Chennai, Tamil Nadu 600026  Chennai",IT/Business Services,Company,OpenStreetMap
Poorvika Mobiles (Jafferkhanpet ),https://www.poorvika.com/,Chennai,IT/Business Services,Company,OpenStreetMap
Dindigul Thalappakatti Ashok Nagar,https://thalappakatti.com/,"B 211, 11th Ave, 11th Avenue, Mettuppalayam, Ashok Nagar, Chennai, Tamil Nadu 600083  Chennai",IT/Business Services,Company,OpenStreetMap
TNEB Substation 33/11KV,tangedco.gov.in,"7/41, Raghava Colony W St, Ragavan Colony, Mettuppalayam, Ashok Nagar, Chennai, Tamil Nadu 600083  Chennai",Electric/Energy,Company,OpenStreetMap
Saravana Store Furniture Padi,https://saravanastoreslegend.co.in/,"15, Madras Thiruvallur High Rd, AP Block, Sector A, Padi, Chennai, Tamil Nadu 600098  Chennai",IT/Business Services,Company,OpenStreetMap
Amma Unavagam,ammaunavagam.com,"Bajanai Koil St, Nandambakkam, Tamil Nadu 600089  Chennai",IT/Business Services,Company,OpenStreetMap
Indian Oil Petrol Bunk,https://iocl.com/,"2/59, Sowbhagya Colony, Sector 1, K. K. Nagar, Chennai, Tamil Nadu 600078  Chennai",IT/Business Services,Company,OpenStreetMap
Island Kitchen,islandkitchen19.wixsite.com,"2, 15, Gangai Amman Koil St, Jawahar Nagar, West Jafferkhanpet, Chennai, Tamil Nadu 600083  Chennai",IT/Business Services,Company,OpenStreetMap
Icon Office Equipments,http://iconofficeequipments.com/,Cheran Street  Chennai,IT/Business Services,Company,OpenStreetMap
KS Bone and Joint Clinic - Ortho,https://www.ksboneandjointortho.in/,"B 50, Gangai Amman Koil St, Jawahar Nagar, West Jafferkhanpet, Chennai, Tamil Nadu 600083  Chennai",IT/Business Services,Company,OpenStreetMap
KSN Honda,https://www.honda2wheelersindia.com/,Anjugam Nagar 2nd Street  Chennai,IT/Business Services,Company,OpenStreetMap
G R Guest House,grguesthousechennai.com,"31 & 32, 1St Anjugam Nagar, Jafferkhanpet, Ashok Nagar, Chennai, Tamil Nadu 600083  Chennai",IT/Business Services,Company,OpenStreetMap
Royal Enfield Showroom,https://www.royalenfield.com/,"No 298, 1, Jawaharlal Nehru Rd, Ashok Nagar, Netaji Nagar, West Jafferkhanpet, Chennai, Tamil Nadu 600083  Chennai",IT/Business Services,Company,OpenStreetMap
Veekays Pet Care Clinic,https://veekayspetcare.com/,"89, Jawaharlal Nehru Rd, Kasi Estate, West Jafferkhanpet, Chennai, Tamil Nadu 600083  Chennai",IT/Business Services,Company,OpenStreetMap
Hotel Sangeetha Pure VEG,business.google.com,"No.3/2, Erikarai Street, Jafferkhanpet, Chennai, Tamil Nadu 600083  Chennai",IT/Business Services,Company,OpenStreetMap
Ashok Pharmacy,http://ashokpharmacy.com/,Chennai,IT/Business Services,Company,OpenStreetMap
Sri Motors,https://srimotorsygs.com/,Chennai,IT/Business Services,Company,OpenStreetMap
Artist Maya Wedding Cards,https://artistmayaweddingcards.com/,Chennai,IT/Business Services,Company,OpenStreetMap
Sri Krishna Sweets,https://srikrishnasweets.com/,"Jawaharlal Nehru Rd, Mettuppalayam, West Jafferkhanpet, Chennai, Tamil Nadu 600083  Chennai",IT/Business Services,Company,OpenStreetMap
Stone Bench Pvt Ltd,https://www.stonebench.co.in/,12th Avenue Ashok Nagar Chennai,IT/Business Services,Company,OpenStreetMap
Ashok Nagar Pharmacy,https://business.google.com/website/ashok-nagar-pharmacy,"28, 12th St, Mettuppalayam, Ashok Nagar, Chennai, Tamil Nadu 600083  Chennai",IT/Business Services,Company,OpenStreetMap
New Avalon,https://new-avalon.business.site/,"New No 35, 12th Ave, Ashok Nagar, Chennai, Tamil Nadu 600083  Chennai",IT/Business Services,Company,OpenStreetMap
Sunaadalahari,https://www.sunaadalahari.org/,CP Ramaswamy Road  Chennai,IT/Business Services,Company,OpenStreetMap
Supergas AutoLPG,https://www.supergas.com/auto-lpg,Chennai,Electric/Energy,Company,OpenStreetMap
Dhanyam organic shop,https://dhanyam.in/,Indira Nagar 3rd Ave  Chennai,IT/Business Services,Company,OpenStreetMap
Dhanyam Organic store,https://dhanyam.in/,Velachery Main Road  Chennai,IT/Business Services,Company,OpenStreetMap
Sham's Rheumatic Care Centre,https://www.rheumatologistchennai.in/dr-shams-rheumatic-care,"Door No. - 107, Lakshamana Swamy Salai, Next to Punjab National Bank, K. K Nagar West  Chennai",IT/Business Services,Company,OpenStreetMap
ABHI'S SKIN AND JOINT CLINIC,https://www.abhiskinandjointclinic.com/dr-sriram,"Thiyagaraja Complex, No 853, Ground Floor, Poonamallee High Road, Kilpauk  Chennai",IT/Business Services,Company,OpenStreetMap
OnePlus Experience Store,https://www.oneplus.in/,Sir Thyagaraya Road  Chennai,IT/Business Services,Company,OpenStreetMap
Fresh Baked Goodness,https://freshbakedgoodness.com/,"3rd Street, East Abhiramapuram, Mylapore  Chennai",IT/Business Services,Company,OpenStreetMap
Kilo Biriyani,https://kilob.in/,"Semmancheri, Thazhambur, Tamil Nadu 600130  Chennai",IT/Business Services,Company,OpenStreetMap
Aarthi Scans & Labs,https://aarthiscan.com/,1st Main Road  Chennai,IT/Business Services,Company,OpenStreetMap
HDFC Home Loans Velachery Branch,https://www.hdfc.com,"Balaji Nagar, Velachery Main Road  Chennai",IT/Business Services,Company,OpenStreetMap
The Thickshake Factory,https://thethickshakefactory.com//ind/,Chennai,IT/Business Services,Company,OpenStreetMap
OvenFresh,https://ovenfresh.co/,Chennai,IT/Business Services,Company,OpenStreetMap
Toni & Guy,https://essensuals.com/,Medavakkam Main Road  Chennai,IT/Business Services,Company,OpenStreetMap
Co-optex,https://cooptex.gov.in/,Ayyappan Kovil Street  Chennai,IT/Business Services,Company,OpenStreetMap
Sakthi Cars,https://www.sakthicars.com,Inner Ring Road  Chennai,IT/Business Services,Company,OpenStreetMap
Zupersoft Solution PVT Ltd,https://zuper.co/,"Prakasam Street, Gangai Karai Puram, T. Nagar  Chennai",IT/Business Services,Company,OpenStreetMap
Jacob Scientifics - Head Office,http://www.jacobscientifics.com,Madipakkam Main Road  Chennai,IT/Business Services,Company,OpenStreetMap
Adyar Student Xerox,https://www.printpro.in,Medavakkam Main Road  Chennai,IT/Business Services,Company,OpenStreetMap
Pooja Garments,https://sareeshopchennai.com/,"Rangarajapuram Main Rd, Kodambakkam  Chennai",IT/Business Services,Company,OpenStreetMap
Research Centre,https://www.ssn.edu.in/research-centre-ssn-institutions/,"EEE Block, SSN College of Engineering, Kalavakkam  Chennai",IT/Business Services,Company,OpenStreetMap
Shastra Cards Private Limited,http://www.shastracards.com/,Bazullah Road T. Nagar Chennai,IT/Business Services,Company,OpenStreetMap
baqala store,https://www.baqala.store,"Rajiv Gandhi Salai, Egattur,  Chennai",IT/Business Services,Company,OpenStreetMap
Schatz Enterprises Private Limited,https://schatzmarkets.com/,"5th Avenue, Shanthi Colony,  Chennai",Business/Consulting,Company,OpenStreetMap
Pumpkin Tales,https://pumpkintales.com/,Bheemana Garden Street  Chennai,IT/Business Services,Company,OpenStreetMap
Old Madras Baking Company,https://www.ombc.in,Kasturibai Nagar 1st Cross Street  Chennai,IT/Business Services,Company,OpenStreetMap
4 Squares Dentistry,https://www.4squaresdentistry.in/dental-clinic-gowrivakkam/,"New Kunagkurichi, Gowriwakkam, Sembakkam  Chennai",IT/Business Services,Company,OpenStreetMap
Little Italy,https://www.littleitaly.in/,Besant Nagar 17th Cross Street  Chennai,IT/Business Services,Company,OpenStreetMap
Thaker Opticals,https://thakeropticals.com/,"Gopathy Narayanaswami Road, Teynampet, T. Nagar  Chennai",IT/Business Services,Company,OpenStreetMap
Mahalakshmi Fashions,http://www.mahalakshmifashions.shop/,P.A.N Rajarathinam Road  Chennai,IT/Business Services,Company,OpenStreetMap
Sukkubhai Biryani,https://www.sukkubhaibiryani.com,Railway Station Road  Chennai,IT/Business Services,Company,OpenStreetMap
Valeo India Private Limited,https://www.valeo.com,Rajiv Gandhi Salai  Chennai,IT/Business Services,Company,OpenStreetMap
The Chennai Mobiles,https://thechennaimobiles.com/,"Rajiv Gandhi Street, Navalur  Chennai",IT/Business Services,Company,OpenStreetMap
Coal Barbecues,https://linktube.com/coalbarbecues,"Rajiv Gandhi Salai, Navalur, OMR  Chennai",IT/Business Services,Company,OpenStreetMap
Kalpataru,https://www.kalpatarutrading.com/,Nellikuppam Road  Chennai,IT/Business Services,Company,OpenStreetMap
Trimble Information Technologies India Pvt Ltd,https://www.trimble.com/en/,Chennai,IT/Business Services,Company,OpenStreetMap
Alchemy Media Marketing,https://alchemy-media-marketing.com,Rukmani Road  Chennai,IT/Business Services,Company,OpenStreetMap
Wildlife Warden,https://guindypark.com/,Chennai,IT/Business Services,Company,OpenStreetMap
roja muthiah research library,https://rmrl.in/,"3rd cross street,Rajiv Gandhi IT Expressway  Chennai",Electric/Energy,Company,OpenStreetMap
Leo Packers and Movers Chennai,https://leopackersandmovers.com,Chennai,IT/Business Services,Company,OpenStreetMap
Aran Empire Private Limited,https://www.araninternational.com/,"Sri Ganesh Nagar, Athanancherry, Padappai  Chennai",IT/Business Services,Company,OpenStreetMap
Novac Technology Solutions,https://www.novactech.in/,"Statesman One, Ramakrishna Mutt Rd  Chennai",IT Services,Company,OpenStreetMap
Kotak Mahindra Bank,https://www.kotak.com/en/home.html,"Rajaji Road, West Tambaram  Chennai",IT/Business Services,Company,OpenStreetMap
Mercedes-Benz Titanium Motors,https://www.titaniummotors.mercedes-benz.co.in/,Anna Salai (Mount Road)  Chennai,IT/Business Services,Company,OpenStreetMap
Circuits 99,https://www.circuits99.co.in/,Besant Avenue Road  Chennai,Hardware,Company,OpenStreetMap
Arasu Infotech,arasuinfotechservices.com,"1st and 2nd floor, Om sakthi nagar, Kasi Towers, Mettukuppam, Vanagaram  Chennai",IT Services,Company,OpenStreetMap
RTL-Academy,www.rtlacademy.org,"1st Street, Sigamani Nagar  Chennai",Business/Consulting,Company,OpenStreetMap
Lakshmi Pain and Palliative CareTrust,http://www.lakshmitrust.org,Poonamallee High Road  Chennai,IT/Business Services,Company,OpenStreetMap
Kapi Kottai,https://kapikottai.coffee/,Chennai,IT/Business Services,Company,OpenStreetMap
TecEx India Private Limited,https://tecex.com/,"Little Mount, Kotturpuram  Chennai",IT Services,Company,OpenStreetMap
Iss relocations,https://iss-relocations.com/,Chennai,Logistics,Company,OpenStreetMap
Sree Tantric Astrology,https://sreetantricastrology.com,Bazullah Road  Chennai,IT/Business Services,Company,OpenStreetMap
Truckrr Information services,https://www.truckrr.com/,"New MGR Road, Veeramamunivar, 1st street  Chennai",IT/Business Services,Company,OpenStreetMap
Greens Suite,greenssuite2021@gmail.com,Varasidhi Vinayakar Koil Street  Chennai,IT/Business Services,Company,OpenStreetMap
Namma Veedu Vasanta Bhavan,http://www.vasantabhavan.in/,Chennai,IT/Business Services,Company,OpenStreetMap
Phenix Academy,http://www.phenixacademy.com/,Velachery Bypass Road  Chennai,IT/Business Services,Company,OpenStreetMap
Smile Squad Dental Clinic,https://www.smilesquaddentistry.com/,"Dr.Anna Street, Ambedkar Nagar, Medavakkam  Chennai",IT/Business Services,Company,OpenStreetMap
Pro badminton academy,https://pro-badminton-academy.business.site/,"NIK Avenue,Omr, Rajiv Gandhi salai  Chennai",Electric/Energy,Company,OpenStreetMap
ILJIN AUTOMOTIVE PVT. LTD.,https://www.iljin.com,"B1&B2 Sipcot Industrial Park, Irrungattukottal  Chennai",IT/Business Services,Company,OpenStreetMap
MilkyUpizise,https://dev-milkyupizise.pantheonsite.io,Annai builders ashtalakshmi nagar gudalur marai malai nagar  Chennai,IT/Business Services,Company,OpenStreetMap
TEJAS PARTY HALL,https://tejaspartyhall.blogspot.com/,Chennai,IT/Business Services,Company,OpenStreetMap
Bay6 Restobar,https://www.bay6chennai.com/,6th Avenue  Chennai,IT/Business Services,Company,OpenStreetMap
efiletax,https://www.efiletax.in/,"18th Main Road, Anna Nagar West  Chennai",IT/Business Services,Company,OpenStreetMap
Poorvika Mobiles Tambaram - Mudichur,https://www.poorvika.com/,"Jothi Nagar, Mudichur Rd, West Tambaram,  Chennai",IT/Business Services,Company,OpenStreetMap
ICICI Bank ATM,https://www.icicibank.com/,Chennai,IT/Business Services,Company,OpenStreetMap
Glossy Women's Fitness And Physiotherapy Centre,https://glossywomensfitnesscentre.business.site/,"Mudichur Rd, Sri Ram Nagar South, Karummariamman Nagar, West Tambaram, Tambaram  Chennai",IT/Business Services,Company,OpenStreetMap
South India AIDS Action Programme,siaapindia.org,first cross street  Chennai,IT/Business Services,Company,OpenStreetMap
DR.MGR illam Boys Hostel,https://www.sathyabama.ac.in/campus-life/hostel-facility,Chennai,IT/Business Services,Company,OpenStreetMap
Dr. M. Gopalakrishnan Boys Hostel,https://www.sathyabama.ac.in/campus-life/hostel-facility,Chennai,IT/Business Services,Company,OpenStreetMap
Col. Dr Jeppiaar Illam Boys Hostel,https://www.sathyabama.ac.in/campus-life/hostel-facility,Chennai,IT/Business Services,Company,OpenStreetMap
Boys Non-veg mess,https://www.sathyabama.ac.in/photo-gallery/mess_photographs,Chennai,IT/Business Services,Company,OpenStreetMap
Block 1,https://www.sathyabama.ac.in/,Chennai,IT/Business Services,Company,OpenStreetMap
Colonel Dr. Jeppiaar Memorial,Colonel Dr. Jeppiaar Memorial,Chennai,IT/Business Services,Company,OpenStreetMap
International Research Centre,https://www.sathyabama.ac.in/,Chennai,IT/Business Services,Company,OpenStreetMap
Block 2,https://www.sathyabama.ac.in/,Chennai,IT/Business Services,Company,OpenStreetMap
Block 3,https://www.sathyabama.ac.in/,Chennai,IT/Business Services,Company,OpenStreetMap
Block 4,https://www.sathyabama.ac.in/,Chennai,IT/Business Services,Company,OpenStreetMap
Student Activity Center,https://www.sathyabama.ac.in/,Chennai,IT/Business Services,Company,OpenStreetMap
Block 6,https://www.sathyabama.ac.in/,Chennai,IT/Business Services,Company,OpenStreetMap
Block 7,https://www.sathyabama.ac.in/,Chennai,IT/Business Services,Company,OpenStreetMap
Block 8,https://www.sathyabama.ac.in/,Chennai,IT/Business Services,Company,OpenStreetMap
Block 14,https://www.sathyabama.ac.in/,Chennai,IT/Business Services,Company,OpenStreetMap
Block 18,https://www.sathyabama.ac.in/,Chennai,IT/Business Services,Company,OpenStreetMap
Block 16,https://www.sathyabama.ac.in/,Chennai,IT/Business Services,Company,OpenStreetMap
Block 15,https://www.sathyabama.ac.in/,Chennai,IT/Business Services,Company,OpenStreetMap
Block 19,https://www.sathyabama.ac.in/,Chennai,IT/Business Services,Company,OpenStreetMap
Raptee.HV HQ,https://www.raptee.com/,Chennai,IT Services,Company,OpenStreetMap
Khivraj triumph Anna Nagar,https://khivrajtriumph.com,Anna Nagar 3rd Avenue  Chennai,IT/Business Services,Company,OpenStreetMap
Nesh Technologies,https://nesh.live,"Dr.VSI Estate, Thiruvanmiyur  Chennai",IT/Business Services,Company,OpenStreetMap
Taneira Sarees,https://stores.taneira.com/taneira/saree-showroom-in-chennai/saree-showroom-in-t-nagar/taneira-showroom-in-t-nagar-chennai--e6f80b58-dce7-44ca-86b1-66bfba87a134/home,Sir Thyagaraya Road  Chennai,IT/Business Services,Company,OpenStreetMap
KinderNest OMR,https://omr.kindernest.in/,"OMR, Kazhipattur  Chennai",IT/Business Services,Company,OpenStreetMap
Center for Composite Materials,https://www.annauniv.edu/CCM/,Center for Excellent Building  Chennai,IT/Business Services,Company,OpenStreetMap
Crafe,https://crafeindia.com/,Periyar Road  Chennai,IT/Business Services,Company,OpenStreetMap
Paati Veedu,https://paativeedu.com/,Bhagirathi Ammal Street  Chennai,IT/Business Services,Company,OpenStreetMap
YJK Technologies,www.yjktechnologies.com,54 Neelai Appadurai NGO Nagar  Chennai,IT/Business Services,Company,OpenStreetMap
The Little Bakes,https://www.instagram.com/the.little.bakes,"8th Street, Railnagar  Chennai",IT/Business Services,Company,OpenStreetMap
ASK 2 PRO,https://ask2pro.com/,Chennai,Business/Consulting,Company,OpenStreetMap
CtrlS Chennai Data Center,https://www.ctrls.com/datacenter-chennai/,Chennai,IT/Business Services,Company,OpenStreetMap
Full Creative,https://full.io/,"International Tech Park, Ascendas, Phase 1, 1st Floor, Pinnacle Building, CSIR Rd, Tharamani  Chennai",IT/Business Services,Company,OpenStreetMap
New Designer Web,https://designerweb.in/,1st Main Road  Chennai,IT/Business Services,Company,OpenStreetMap
Khalids biriyani,https://khalidsbiriyani.com/,"2nd Avenue, Anna Nagar West  Chennai",IT/Business Services,Company,OpenStreetMap
Green Apple Banquet Hall,https://green-apple.in/,Anna Nagar West Extension  Chennai,IT/Business Services,Company,OpenStreetMap
ZeQube Technologies,http://zeqube.com,1st Main Road  Chennai,IT/Business Services,Company,OpenStreetMap
Chai Kings - Thirumangalam Metro,http://chaikings.dotpe.in,"2nd Avenue, Anna Nagar West  Chennai",IT/Business Services,Company,OpenStreetMap
PSB Hall,http://psbconventions.com,Anna Nagar West Extension  Chennai,IT/Business Services,Company,OpenStreetMap
Beachville,https://beachvillecoffee.com/,"St Marys Road SBI Colony, RA Puram Chennai, 600028 Tamil Nadu India  Chennai",IT/Business Services,Company,OpenStreetMap
Dura Housing,https://durahousing.com,"A. N. Elumalai Salai, Iyyapanthangal  Chennai",IT/Business Services,Company,OpenStreetMap
Gateway Office Parks,https://x-officeparks.com/gateway-office-park-2/,Grand Southern Trunk Road  Chennai,IT/Business Services,Company,OpenStreetMap
Sutherland Global Services,https://www.sutherlandglobal.com/,Grand Southern Trunk Road  Chennai,IT/Business Services,Company,OpenStreetMap
Accenture,https://www.accenture.com/in-en,Grand Southern Trunk Road  Chennai,IT/Business Services,MNC,OpenStreetMap
LeBlanc Interior,https://www.leblancinterior.com/,Ponni Amman Koil Main Rd  Chennai,IT/Business Services,Company,OpenStreetMap
NASTAF Technologies PVT LTD,https://nastaf.com/,"II Floor, Swathi Complex, No. 34, Flat No 2, Nandanam, Chennai, Tamil Nadu  Chennai",IT Services,Company,OpenStreetMap
S&P Signature Villas,https://www.sandp.co.in/,"Gandhi Rd, New Perungalathur, Nedunkundram, Chennai, Tamil Nadu 600127  Chennai",IT/Business Services,Company,OpenStreetMap
M Block (Girls Hostel),https://www.srmist.edu.in,"Potheri, SRM Nagar, Kattankulathur, Tamil Nadu 603203  Chennai",IT/Business Services,Company,OpenStreetMap
MATHI RESIDENCY,https://www.mathiresidency.com/,Kumarappa Chetty Street  Chennai,IT/Business Services,Company,OpenStreetMap
Freshworks,https://freshworks.com,"Dr MGR Main Road, Kodandarama Nagar  Chennai",IT/Business Services,Company,OpenStreetMap
Institute for Energy Studies (IES),https://www.annauniv.edu/EnergyStudies/,Sardar Patel Road  Chennai,Electric/Energy,Company,OpenStreetMap
Aatral Arangam,https://www.annauniv.edu/EnergyStudies/,Sardar Patel Road  Chennai,IT/Business Services,Company,OpenStreetMap
Vaagai Haier IOT Washing Machine facility,https://ceg.annauniv.edu/ech/HostelConnect,Chennai,IT/Business Services,Company,OpenStreetMap
Institute for Energy Studies Library,https://www.annauniv.edu/EnergyStudies/,Chennai,Electric/Energy,Company,OpenStreetMap
Sterling Software Pvt Ltd,https://sterlingsoftware.global,CSIR road  Chennai,IT Services,Company,OpenStreetMap
Koodam Spaces,https://www.kathakalikoodam.com/general-7,Chennai,IT/Business Services,Company,OpenStreetMap
Wcart,https://wcart.io/,"SIDCO Micro Industrial Estate, Thirumudivakkam  Chennai",IT/Business Services,Company,OpenStreetMap
Eko Paper Products,https://www.ekopaperproducts.in/,Arch andhoniyar nagar  Chennai,IT/Business Services,Company,OpenStreetMap
Chennai International Airport,https://www.chennaiairport.com/,Grand Southern Trunk Road  Chennai,IT/Business Services,Company,OpenStreetMap
Indian Institute of Technology Madras,https://www.iitm.ac.in/,Chennai,IT Services,Company,OpenStreetMap
Metaforum technologies,http://www.metaforumtechnologies.com/dot-net-training-in-chennai,"6th St, Thangal karai, Kumaran Colony,Vadapalani  Chennai",IT/Business Services,Company,OpenStreetMap
Kendriya Vidyalaya IIT Chennai,https://chennaiiit.kvs.ac.in/en/,Chennai,IT/Business Services,Company,OpenStreetMap
Maharishi Vidya Mandir,https://www.maharishividyamandirch.com/,Chennai,IT/Business Services,Company,OpenStreetMap
Integral Coach Factory,https://icf.indianrailways.gov.in,Chennai,IT/Business Services,Company,OpenStreetMap
National Institute of Ocean Technology,https://www.niot.res.in/,Chennai,IT Services,Company,OpenStreetMap
Taramani Guest House,https://tgh.iitm.ac.in/,Chennai,IT/Business Services,Company,OpenStreetMap
National Institute for Siddha,https://nischennai.org/main/,Chennai,IT/Business Services,Company,OpenStreetMap
Hilton Chennai,https://www.hilton.com/en/hotels/maahihi-hilton-chennai/,Jawaharlal Nehru Rd  Chennai,IT/Business Services,Company,OpenStreetMap
Sacred Heart Seminary,https://www.shschennai.org/,Chennai,IT/Business Services,Company,OpenStreetMap
Hindustan Institute of Engineering Technology,https://www.hiet.in/,Chennai,IT Services,Company,OpenStreetMap
Madras High Court,https://www.hcmadras.tn.nic.in/,Chennai,IT/Business Services,Company,OpenStreetMap
VGP Universal Kingdom,https://vgpuniversalkingdom.in/,Chennai,IT/Business Services,Company,OpenStreetMap
MGM Dizzee World,https://www.mgmdizzeeworld.com/,East Coast Road  Chennai,IT/Business Services,Company,OpenStreetMap
SRM Institute of Science and Technology,https://www.srmist.edu.in/,Chennai,IT Services,Company,OpenStreetMap
Chennai Mathematical Institute,https://www.cmi.ac.in/,Chennai,IT/Business Services,Company,OpenStreetMap
Global Infocity Park,https://www.mapletree.com.sg/property/global-infocity-park-chennai/,Dr MGR Main Road  Chennai,IT/Business Services,Company,OpenStreetMap
The Institute of Road Transport,https://irtchennai.in/index.php/en/,Chennai,IT/Business Services,Company,OpenStreetMap
Central Institute of Brackishwater Aquaculture,http://www.ciba.res.in/,Chennai,IT/Business Services,Company,OpenStreetMap
British Deputy High Commission,https://www.gov.uk/world/organisations/british-deputy-high-commissioner-chennai,Anderson Road  Chennai,IT/Business Services,Company,OpenStreetMap
Workafella Teynampet,https://www.workafella.com/,"Anna Salai, Mount Road, Teynampet  Chennai",Business/Consulting,Company,OpenStreetMap
Central Leather Research Institute - CLRI,https://www.clri.org/,Chennai,IT/Business Services,Company,OpenStreetMap
Park Hyatt Chennai,https://chennai.park.hyatt.com,Velachery Road  Chennai,IT/Business Services,Company,OpenStreetMap
National Institute for Research in Tuberculosis,https://www.nirt.res.in/,Mayor Sathyamurthy Road  Chennai,IT/Business Services,Company,OpenStreetMap
Wacto,https://wacto.in/,"Padmini complex, 2nd floor Gandhi nagar 1st main road  Chennai",Business/Consulting,Company,OpenStreetMap
Rohini Silver Screens,https://rohinisilverscreens.com/,Chennai,IT/Business Services,Company,OpenStreetMap
Crocodile Bank,http://www.madrascrocodilebank.org,Chennai,IT/Business Services,Company,OpenStreetMap
HLC International,https://www.headstartschool.org/,Karanai  Chennai,IT/Business Services,Company,OpenStreetMap
Meridian Heights,https://www.lancor.in/newdesign/Project/Residential/Completed/landmark/meridian.aspx,Chennai,IT/Business Services,Company,OpenStreetMap
R3 Ashok Nagar Police Station,tnpolice.gov.in,"2nd Avenue, Ashok Nagar, Raghavan Colony, Kodambakkam, Chennai, Tamil Nadu 600024  Chennai",IT/Business Services,Company,OpenStreetMap
Zoho Corporation,https://www.zoho.com/,Grand Southern Trunk Road  Chennai,IT/Business Services,Company,OpenStreetMap
Bucket Building,https://www.zoho.com/,Grand Southern Trunk Road  Chennai,IT/Business Services,Company,OpenStreetMap
Desabandhu Plaza,www.SundaramInfotech.com,Whites Road  Chennai,IT/Business Services,Company,OpenStreetMap
Sita devi garodia hindu vidyalaya,http://www.sitadevi.com/,"Kalamegam Street,  Chennai",Electric/Energy,Company,OpenStreetMap
Bharath Institute of Higher Education and Research,https://www.bharathuniv.ac.in/,Chennai,IT/Business Services,Company,OpenStreetMap
UNIVERCELL,https://www.univercell.in/home,Velachery - Tambaram Main Road  Chennai,IT/Business Services,Company,OpenStreetMap
Sare Homes,http://www.saregroup.com/projects/omrchennai/dewy-terraces/,Chennai,IT/Business Services,Company,OpenStreetMap
NTC Logistics India (P) Ltd.,https://www.ntclogistics.in/,Chennai,Logistics,Company,OpenStreetMap
Public Health Centre (In Patient Block),https://www.phc-mc.org/,Lake View Road  Chennai,IT/Business Services,Company,OpenStreetMap
Vellore Institute of Technology - Chennai,https://chennai.vit.ac.in/,Vandalur Kelambakkam Road  Chennai,IT Services,Company,OpenStreetMap
Chennai Snake Park,http://cspt.in/thechennaisnakepark.php?t=1,Guindy Park Service Road  Chennai,IT/Business Services,Company,OpenStreetMap
MADRAS KALI BARI,http://madraskalibari.org/,Umapathy street Extn.  Chennai,IT/Business Services,Company,OpenStreetMap
Gogo Cabs Private Limited,https://www.gogocabs.com/,Ayambakkam Main Rd  Chennai,IT/Business Services,Company,OpenStreetMap
GoFix Solutions - Head Office,https://gofix.co.in/,E VK Sampath Rd  Chennai,Business/Consulting,Company,OpenStreetMap
Consulate General of the Russian Federation,http://www.chennai.mid.ru,Santhome High Road  Chennai,IT/Business Services,Company,OpenStreetMap
KOKA TECHNOLOGY,https://www.k2schoolmanagementsoftware.com/,Vellalar st  Chennai,IT Services,Company,OpenStreetMap
Nilgiri's,https://www.nilgiris1905.com/,Chennai,IT/Business Services,Company,OpenStreetMap
Lemon Tree Hotel Shimona,https://www.lemontreehotels.com/,Mount Poonamallee Highway  Chennai,IT/Business Services,Company,OpenStreetMap
Dindigul Thalappakatti,https://www.thalappakatti.com/,Venu Reddy Street  Chennai,IT/Business Services,Company,OpenStreetMap
G.R. THANGA MALIGAI FIRM,https://www.grtjewels.com/,Usman Road  Chennai,IT/Business Services,Company,OpenStreetMap
Poshmark India Private Limited,https://poshmark.com,"KRM Plaza, Harrington Rd, Chetpet  Chennai",IT/Business Services,Company,OpenStreetMap
GRT Grand Days,https://grthotels.com/amp/chennai.html,Chennai,IT/Business Services,Company,OpenStreetMap
Crossway Parklane Airport,https://www.crosswayparklane.com/,Veteran Lane  Chennai,IT/Business Services,Company,OpenStreetMap
Lakshmi Vilas Bank,https://www.lvbank.com,Chennai,IT/Business Services,Company,OpenStreetMap
Wood Pecker Furniture,https://www.woodpeckerfurniture.com/,Chennai,IT/Business Services,Company,OpenStreetMap
Tarka Labs,https://tarkalabs.com/,7th Avenue  Chennai,IT Services,Company,OpenStreetMap
Zuan Technologies Private Limited,http://www.zuantechnology.com,UI Colony 1st Cross St  Chennai,IT/Business Services,Company,OpenStreetMap
Priyam Ayurveda Clinic,https://priyamclinic.com/,Chennai,IT/Business Services,Company,OpenStreetMap
Neuberg Diagnostics,https://neubergdiagnostics.com/,Masilamani Road  Chennai,IT/Business Services,Company,OpenStreetMap
Novalnet e-Solutions Pvt. Ltd.,https://www.novalnet-solutions.com/,Erikkarai Street  Chennai,Business/Consulting,Company,OpenStreetMap
Spencer's Food World,https://www.spencers.in/,Avvai Shanmugam Salai  Chennai,IT/Business Services,Company,OpenStreetMap
Rakki Cinemas,https://www.rakkicinemas.com/,Chennai,IT/Business Services,Company,OpenStreetMap
Workafella Alwarpet,https://www.workafella.com/,"TT Krishnamachari Rd, CIT Colony, Alwarpet  Chennai",Business/Consulting,Company,OpenStreetMap
Raj Park Hotel - Chennai,https://www.rajpark.com/alwarpet-chennai-hotel/,Parthasarathy Garden  Chennai,IT/Business Services,Company,OpenStreetMap
"Essentia Premier Hotel, Chennai",https://www.essentiahotels.in/,Chennai,IT/Business Services,Company,OpenStreetMap
Ullagaram World of Titan,https://www.titan.co.in,Medavakkam Main Road  Chennai,IT/Business Services,Company,OpenStreetMap
The K11 Golden Gate,https://www.k11rooms.in,Pasumpon Muthuramalingar Thevar Salai (Chamiers Road)  Chennai,IT/Business Services,Company,OpenStreetMap
Nxtra Data Chennai,https://www.nxtra.in/data_center/chennai-data-centre/,Chennai,IT/Business Services,Company,OpenStreetMap
Workafella Sholinganallur,https://www.workafella.com/,"SH 49A, OMR, Sholinganallur  Chennai",IT/Business Services,Company,OpenStreetMap
Unique MEP Engineering Private Limited,https://www.unique-mep.com/,EVR Periyar Salai  Chennai,IT/Business Services,Company,OpenStreetMap
Ejji K. Umamahesh,www.ejji.mysite.com,Beach Rd  Chennai,IT/Business Services,Company,OpenStreetMap
Inkmonk,https://inkmonk.com,Nelson Manickam Road  Chennai,IT/Business Services,Company,OpenStreetMap
Raysoft Infotech Private Limited,https://raysoftinfotech.com/,"1st STreet, Kalyan Nagar, Mudichur Road  Chennai",IT Services,Company,OpenStreetMap
Ultimate Fitness Centre - Adyar,https://myultimatefitnesscentre.com/,Teachers Colony  Chennai,IT/Business Services,Company,OpenStreetMap
Dr. M.G.R. Educational and Research Institute,https://www.drmgrdu.ac.in/,Chennai,IT/Business Services,Company,OpenStreetMap
VIJAYAKUMAR IAS ACADEMY,https://vijayakumariasacademy.com/,Vetri Vinayagar Street  Chennai,IT/Business Services,Company,OpenStreetMap
Shanthi Dham,https://www.brahmakumaris.org/,3rd Avenue Main Road  Chennai,IT/Business Services,Company,OpenStreetMap
Diha Clinic,https://dihaclinic.org/,Nanganallur 6th Main Road  Chennai,IT/Business Services,Company,OpenStreetMap
Kiddos Stationery Pvt Ltd,https://www.smilykiddos.in/,Thiruvalluvar Salai  Chennai,IT/Business Services,Company,OpenStreetMap
Varnas/Mudra Stamps,www.mudra.in,RK Mutt Road  Chennai,IT/Business Services,Company,OpenStreetMap
Sri Sai Ink Providers,https://www.srisaiinks.in/,Chennai,IT/Business Services,Company,OpenStreetMap
Saravana Stores,https://www.supersaravanastores.com/,Grand Southern Trunk Road  Chennai,IT/Business Services,Company,OpenStreetMap
Chokkidhani,http://chokhidhanichennai.com,Chennai,IT/Business Services,Company,OpenStreetMap
Head Post Office - St. Thomas Mount,https://www.indiapost.gov.in,Grand Southern Trunk Road  Chennai,IT/Business Services,Company,OpenStreetMap
Grand Square,https://www.grandsquare.in/,Taramani Road  Chennai,IT/Business Services,Company,OpenStreetMap
VANNIPAKKAM VILLAGE,http://www.onefivenine.com/india/villages/Thiruvallur/Minjur/Vannipakkam,Manali Ponneri Road  Chennai,IT/Business Services,Company,OpenStreetMap
Total mall,www.totalmall.com,Coats Road  Chennai,IT/Business Services,Company,OpenStreetMap
The Village,http://www.the-village.in,Old Mahabalipuram Road  Chennai,IT/Business Services,Company,OpenStreetMap
Pushpadruma,http://pushpadruma.com,Old Mahabalipuram Road  Chennai,IT/Business Services,MNC,OpenStreetMap
St Joseph's Instittute of Technology,https://stjosephstechnology.ac.in/web/index.html,Chennai,IT Services,Company,OpenStreetMap
Hindustan University,https://www.hindustanuniv.ac.in/,Rajiv Gandhi Salai  Chennai,IT/Business Services,Company,OpenStreetMap
Tamil Nadu Bio-Diversity Conservation and Greening Project,http://www.tbgp.org,Chennai,IT/Business Services,Company,OpenStreetMap
Welcomhotel,https://www.itchotels.com/in/en/welcomhotelgstroad-chennai,Grand Southern Trunk Road Singaperumal Koil Chennai,IT/Business Services,Company,OpenStreetMap
VIVIRA Mall,https://viviramall.com/,"Old Mahabalipuram Road, Navalur  Chennai",Electric/Energy,Company,OpenStreetMap
MGM Beach Resorts,https://www.mgm-hotels.com/mgm-hotels-and-resorts/mgm-beach-resorts,New Mahabalipuram Road  Chennai,IT/Business Services,Company,OpenStreetMap
TRIL Central Park,https://centralpark-ritc.com,MGR Film City Road  Chennai,IT/Business Services,Company,OpenStreetMap
Sri Sairam Institute of Technology,https://sairamit.edu.in,Poonthandalam Chennai,IT Services,Company,OpenStreetMap
Gleneagles Global Heath City,https://www.gleneaglesglobalhospitals.com/,Chennai,IT/Business Services,Company,OpenStreetMap
Lalchand Leeladevi Munoth Jain Medical Care,https://www.llmjmc.org,Lynwood Lane  Chennai,Electric/Energy,Company,OpenStreetMap
WidEva Systems Pvt Ltd,https://www.wideva.com,"Bazaar Street, Kunrathur  Chennai",IT Services,Company,OpenStreetMap
Ramkay TVS,https://www.ramkaytvs.com/,Kasturibai Nagar 1st Cross Street  Chennai,IT/Business Services,Company,OpenStreetMap
Mascarpone Cafe,https://www.facebook.com/mascarponecafe/,Chennai,IT/Business Services,Company,OpenStreetMap
National Institute of Wind Energy (NIWE),https://niwe.res.in/index.php,Velachery Main Road  Chennai,Electric/Energy,Company,OpenStreetMap
Mahatha Petroleum Private Limited,https://www.mahathapetroleum.com/,Medavakkam Main Road  Chennai,IT/Business Services,Company,OpenStreetMap
"Nexa Service, Keelkattalai",https://www.nexaexperience.com/service-locator,Medavakkam Main Road  Chennai,IT/Business Services,Company,OpenStreetMap
Viveks,http://viveks.com,Medavakkam Main Road  Chennai,IT/Business Services,Company,OpenStreetMap
ePropelled,https://epropelled.com/,Gandhi Street  Chennai,IT Services,Company,OpenStreetMap
"J&F India Private Limited, Radiance Towers",https://www.jf.ag/en,"33 Feet Road, Anna Salai, Guindy  Chennai",IT/Business Services,Company,OpenStreetMap
Taj Wellington Mews,https://www.tajhotels.com/en-in/taj/taj-wellington-mews-chennai/,"TRIL Infopark Limited, Rajiv Gandhi Salai, Taramani  Chennai",IT/Business Services,Company,OpenStreetMap
Vels Theatre,https://www.evpcinemas.com/,Chennai,IT/Business Services,Company,OpenStreetMap
Sathyabama Institute of Science and Technology,https://www.sathyabama.ac.in/,Chennai,IT Services,Company,OpenStreetMap
Olympia Grande,https://olympiagroup.in/,"ST Road, Pallavaram, Periyar Nagar, Pallavaram, Chennai  Chennai",IT/Business Services,Company,OpenStreetMap
The Leela Palace Chennai,https://www.theleela.com/the-leela-palace-chennai/,Chennai,IT/Business Services,Company,OpenStreetMap
Hotel Park Plaza,http://www.hotelparkplaza.in/,Whannels Road  Chennai,IT/Business Services,Company,OpenStreetMap
St. Thomas Cathedral Basilica,https://archdioceseofmadrasmylapore.in/,Rosary Church Road  Chennai,IT/Business Services,Company,OpenStreetMap
The Chennai SIlks,https://www.thechennaisilks.com/,North Usman Road  Chennai,IT/Business Services,Company,OpenStreetMap
The Park Chennai,https://www.theparkhotels.com/chennai/,Chennai,IT/Business Services,Company,OpenStreetMap
Ibis Chennai City Centre,https://all.accor.com/hotel/8020/index.en.shtml,Anna Salai (Mount Road)  Chennai,IT/Business Services,Company,OpenStreetMap
Victoria Technical Institute,https://www.vtichennai.com/,Anna Salai (Mount Road)  Chennai,IT/Business Services,Company,OpenStreetMap
Devi Cineplex,http://www.devicinemas.in/,Anna Salai (Mount Road)  Chennai,Electric/Energy,Company,OpenStreetMap
Palladium,https://www.palladiumchennai.com/,Chennai,IT/Business Services,Company,OpenStreetMap
Hablis Business Hotel,https://www.hablis.com/,Chennai,Business/Consulting,Company,OpenStreetMap
Royal Madras Yacht Club,http://www.rmycofficial.in/,Chennai,IT/Business Services,Company,OpenStreetMap
Capital Honda,https://www.capitalhonda.in/,Grand Southern Trunk Road  Chennai,Fintech,Company,OpenStreetMap
Chennai Institute Of Technology,https://www.citchennai.edu.in/,Chennai,IT Services,Company,OpenStreetMap
GURUBARAN,https://gurubaran.in/,Arcot Road  Chennai,IT Services,Company,OpenStreetMap
Thumbai Hostel - New Boys Hostel,https://ceg.annauniv.edu/ech/HostelConnect/#,Chennai,IT/Business Services,Company,OpenStreetMap
Amrita Vishwa Vidyapeetham,https://www.amrita.edu/campus/chennai,Vengal  Chennai,Business/Consulting,Company,OpenStreetMap
Babuji Memorial Ashram,https://www.heartfulness.org/,Shri Ram Chandra Mission Road  Chennai,IT/Business Services,Company,OpenStreetMap
Nungambakam Saswatha Dhana Rakshaka Nidhi,https://www.nsdrnidhi.com/,", Rama Street, Nungambakkam  Chennai",IT/Business Services,Company,OpenStreetMap
Tupperware Tamilnadu,https://wa.me/9443555604,"Plot 1A, Lakshmi Nagar 5th St Ext, Alwar Nagar,  Chennai",IT/Business Services,Company,OpenStreetMap
Computer Society of India,https://csiindia.org/,Chennai,IT/Business Services,Company,OpenStreetMap
Ponneri Court,https://tiruvallur.dcourts.gov.in/,Chennai,IT/Business Services,Company,OpenStreetMap
Smt. Mohini Saraogi Vivekananda Vidyalaya,https://smsvv.org/,Jothi Nagar 4th Street  Chennai,IT/Business Services,Company,OpenStreetMap
Chennai Corporation,http://www.chennaicorporation.gov.in/,Chennai,IT/Business Services,Company,OpenStreetMap
Chennai Port,https://www.chennaiport.gov.in/,Chennai,IT/Business Services,Company,OpenStreetMap
Society for Electronic Transactions and Security,https://www.setsindia.in/,Chennai,Cybersecurity,Company,OpenStreetMap
St. Thomas Mount Cantonment,http://www.cbstm.org.in/,Chennai,IT/Business Services,Company,OpenStreetMap
Chennai Metropolitan Area,https://www.cmdachennai.gov.in/,Chennai,IT/Business Services,Company,OpenStreetMap
Phoenix Marketcity Chennai,https://www.phoenixmarketcity.com/chennai,Velachery Main Road  Chennai,IT/Business Services,Company,OpenStreetMap
Dakshin Chitra,https://www.dakshinachitra.net/,Chennai,IT/Business Services,Company,OpenStreetMap
Royal Villas Serviced Apartments,royalvillaschennai.com,"Olympic Colony, Padi  Chennai",IT/Business Services,Company,OpenStreetMap
Doshi Symphony Apartments,https://doshihousing.com/,Ram nagar 6th Main Road  Chennai,IT/Business Services,Company,OpenStreetMap
Kings Service Apartment,http://chennaiserviceapartments.com/,Chamiers Road  Chennai,IT/Business Services,Company,OpenStreetMap
lotus apartments,https://thelotus.in/,"3rd St, Ragavan Colony, Mettuppalayam, Ashok Nagar, Chennai  Chennai",IT/Business Services,Company,OpenStreetMap
Gharanah Service Apartments,gharanah.com,Rajiv Gandhi IT Expressway  Chennai,IT/Business Services,Company,OpenStreetMap
Vijaya Shanthi Apartment,https://www.vijayshanthibuilders.com/,"Kalli Kuppam Rd, Venkatapuram, Ambattur  Chennai",IT/Business Services,Company,OpenStreetMap
NPL'S Service Apartments,nplsnest.com,"4th Main Road, Kasthuriba Nagar, Adyar, Kasturba Nagar, Adyar,  Chennai",IT/Business Services,Company,OpenStreetMap
Rams Apartment,https://www.ramsbuilders.com/,Gandhi Nagar 4th Main Road  Chennai,IT/Business Services,Company,OpenStreetMap
Dindigul Thalappakatti Restaurant,https://thalappakatti.com/,"4th Avenue,Shanthi Colony,Anna Nagar,Chennai - 600040,Tamil Nadu India  Chennai",IT/Business Services,Company,OpenStreetMap
TVF - Contagious online media network private limited,www.tvfplay.com,"Musiri Subramanium street, oliver road  Chennai",IT/Business Services,Company,OpenStreetMap
BETA CAE Systems India Pvt. Ltd. (Chennai Office),https://www.beta-cae.com/,"Rattha Tek Meadows Tower B, 3rd Floor, Rajiv Gandhi Salai (OMR), Sholinganallur  Chennai",IT Services,Company,OpenStreetMap
Central Government Health Scheme Dispensary & Health Scheme,http://nb.bsf.gov.in/CGHS%20DIspenseries.pdf,Chennai,IT/Business Services,Company,OpenStreetMap
Sangeeta Veg Restaurant,https://www.sangeethaveg.com/chennai,"First Main Road, Gandhi Nagar, Adyar  Chennai",IT/Business Services,Company,OpenStreetMap
Alagar Multicuisine Restaurant,http://www.alagarmulticuisinerestaurant.com/,8th Avenue  Chennai,IT/Business Services,Company,OpenStreetMap
Hot Chips Veg Restaurant,business.site,"36, Balaji Complex, 1, 1st St, opposite to Gokulam Park, Zaffarkhanpet, Ashok Nagar, Chennai, Tamil Nadu 600083  Chennai",IT/Business Services,Company,OpenStreetMap
Chennai Darbar Restaurant,https://chennaidarbar.com/,"9, Bazaar Main Rd, Periyar Nagar, Anjugam Nagar, West Jafferkhanpet, Chennai, Tamil Nadu 600083  Chennai",IT/Business Services,Company,OpenStreetMap
Palmshore Restaurant Ashok Nagar,https://palmshore.in/,"95, Jawaharlal Nehru Salai Jaffarkhanpett, Near Kasi Theatre, Ashok Nagar, Chennai, Tamil Nadu 600083  Chennai",IT/Business Services,Company,OpenStreetMap
"MHPFNL - ""Mylapore Hindu Permanent Fund Nidhi Ltd.""",https://www.mhpf.in/,"Mint Street, Park Town,  Chennai",IT/Business Services,MNC,OpenStreetMap
Sangeetha Veg Restaurant,https://www.sangeethaveg.com/,"Rajiv Gandhi Street, Navalur, OMR  Chennai",IT/Business Services,Company,OpenStreetMap
Geetham Veg Restaurant,https://www.geethamveg.com,"Jambo Odai Street, Muttukadu, ECR  Chennai",IT/Business Services,Company,OpenStreetMap
National Institute of Technical Teachers' Training and Research,https://www.nitttrc.ac.in/,Chennai,IT/Business Services,Company,OpenStreetMap
Shri A. M. M. Murugappa Chettiar Research Centre,https://amm-mcrc.org/,Chennai,IT/Business Services,Company,OpenStreetMap
Shriram Shankari Apartments,https://www.shriramproperties.com/projects/shankari/,Chennai,IT/Business Services,Company,OpenStreetMap
Consulate General of the Federal Republic of Germany,https://india.diplo.de/in-en/vertretungen/generalkonsulat2,Boat Club Road  Chennai,IT/Business Services,Company,OpenStreetMap
Freemasons Hall - Grand District Lodge of Madras,https://www.dglofmadras.org/,Chennai,IT/Business Services,Company,OpenStreetMap
HP LaserJet Pro m12a software downloadming,https://h30434.www3.hp.com/t5/Printer-Setup-Software-Drivers/HP-LaserJet-Pro-m12a-software-downloadming/td-p/9505730,Chennai,IT Services,MNC,DuckDuckGo
HP support assistant download and install,https://h30434.www3.hp.com/t5/Notebook-Software-and-How-To-Questions/HP-support-assistant-download-and-install/td-p/9297757,Chennai,IT Services,MNC,DuckDuckGo
Log into Facebook through my google account,https://support.google.com/mail/thread/21506771/log-into-facebook-through-my-google-account?hl=en,Chennai,IT/Business Services,MNC,DuckDuckGo
Host Process for Windows Services using microphone,https://www.tenforums.com/sound-audio/217122-host-process-windows-services-using-microphone.html,Chennai,IT/Business Services,Company,DuckDuckGo
"New Microsoft Services Agreement effective September 30, 2024",https://www.tenforums.com/windows-10-news/214922-new-microsoft-services-agreement-effective-september-30-2024-a.html,Chennai,IT/Business Services,MNC,DuckDuckGo
Financial Infrastructure - World Bank Group,https://www.worldbank.org/ext/en/topic/financial-sector/financial-infrastructure,Chennai,IT Services,Company,DuckDuckGo
Key Data from Regulatory Sandboxes across the Globe,https://www.worldbank.org/en/topic/fintech/brief/key-data-from-regulatory-sandboxes-across-the-globe,Chennai,Fintech,Company,DuckDuckGo
"""Embracing New Technological Challenges and Opportunities, and …",https://www.worldbank.org/en/news/speech/2024/11/21/FintechSpeech,Chennai,IT Services,Company,DuckDuckGo
Financial Inclusion - World Bank Group,https://www.worldbank.org/ext/en/topic/financial-sector/financial-inclusion,Chennai,IT Services,MNC,DuckDuckGo
Authors - World Bank Group,https://www.worldbank.org/en/publication/fintech-and-the-future-of-finance/authors,Chennai,Fintech,Company,DuckDuckGo
Development Topics | World Bank Group,https://www.worldbank.org/ext/en/development-topics,Chennai,Electric/Energy,Company,DuckDuckGo
Fintech Market Reports Rapid Growth During COVID-19 Pandemic,https://www.worldbank.org/en/news/press-release/2020/12/03/fintech-market-reports-rapid-growth-during-covid-19-pandemic,Chennai,Fintech,Company,DuckDuckGo
Internetgeschwindigkeit testen und Internetverbindung von Nest Wifi ...,https://support.google.com/googlenest/answer/6246634?hl=de,Chennai,IT/Business Services,Company,DuckDuckGo
Mesh test guide: Improve your network performance,https://support.google.com/googlenest/answer/7620337?hl=en,Chennai,IT/Business Services,Company,DuckDuckGo
"""Embracing New Technological Challenges and Opportunities, and B…",https://www.worldbank.org/en/news/speech/2024/11/21/FintechSpeech,Chennai,IT Services,Company,DuckDuckGo
"Understanding SaaS: Definition, Benefits, and Examples",https://www.investopedia.com/terms/s/software-as-a-service-saas.asp,Chennai,IT Services,Company,DuckDuckGo
WhatsApp Web,https://web.whatsapp.com/,Chennai,IT/Business Services,Company,DuckDuckGo
World Wide Web - Glossary | MDN,https://developer.mozilla.org/en-US/docs/Glossary/World_Wide_Web,Chennai,IT/Business Services,Company,DuckDuckGo
About The World Wide Web,https://www.w3.org/WWW/,Chennai,IT Services,Company,DuckDuckGo
A short history of the Web - CERN,https://home.cern/science/computing/birth-web/short-history-web,Chennai,Electric/Energy,Company,DuckDuckGo
Meshtastic Web,https://client.meshtastic.org/,Chennai,IT/Business Services,Company,DuckDuckGo
The Ratings Thread (Part 76) — Digital Spy,https://forums.digitalspy.com/discussion/2473676/the-ratings-thread-part-76,Chennai,IT Services,Company,DuckDuckGo
Streaming — Digital Spy,https://forums.digitalspy.com/categories/streaming,Chennai,IT Services,Company,DuckDuckGo
Business and technology trends for 2026 | IBM,https://www.ibm.com/thought-leadership/institute-business-value/en-us/report/business-trends-2026,Chennai,IT Services,MNC,DuckDuckGo
Sport — Digital Spy,https://forums.digitalspy.com/categories/sport,Chennai,IT Services,Company,DuckDuckGo
Movies — Digital Spy,https://forums.digitalspy.com/categories/movies,Chennai,IT Services,Company,DuckDuckGo
Recent Discussions — Digital Spy,https://forums.digitalspy.com/discussions,Chennai,IT Services,Company,DuckDuckGo
BUSINESS中文 (简体)翻译：剑桥词典 - Cambridge Dictionary,https://dictionary.cambridge.org/zhs/词典/英语-汉语-简体/business,Chennai,Business/Consulting,Company,DuckDuckGo
BUSINESS | English meaning - Cambridge Dictionary,https://dictionary.cambridge.org/dictionary/english/business,Chennai,Business/Consulting,Company,DuckDuckGo
BUSINESS | definition in the Cambridge English Dictionary,https://dictionary.cambridge.org/us/dictionary/english/business,Chennai,Business/Consulting,Company,DuckDuckGo
"BUSINESS | 意味, Cambridge 英語辞書での定義",https://dictionary.cambridge.org/ja/dictionary/english/business,Chennai,Business/Consulting,Company,DuckDuckGo
BUSINESS in Simplified Chinese - Cambridge Dictionary,https://dictionary.cambridge.org/dictionary/english-chinese-simplified/business,Chennai,Business/Consulting,Company,DuckDuckGo
BUSINESS | Cambridge English Dictionary에서의 의미,https://dictionary.cambridge.org/ko/사전/영어/business,Chennai,Business/Consulting,Company,DuckDuckGo
Cognizant,https://www.cognizant.com,Chennai Hubs,IT Services,MNC,Manual Verification
Tata Consultancy Services,https://www.tcs.com,Chennai Hubs,IT Services,MNC,Manual Verification
Wipro,https://www.wipro.com,Chennai Hubs,IT Services,MNC,Manual Verification
HCL Tech,https://www.hcltech.com,Chennai Hubs,IT Services,MNC,Manual Verification
Infosys,https://www.infosys.com,Chennai Hubs,IT Services,MNC,Manual Verification
Zoho,https://www.zoho.com,Chennai Hubs,SaaS,MNC,Manual Verification
Capgemini,https://www.capgemini.com,Chennai Hubs,IT Services,MNC,Manual Verification
Hexaware,https://www.hexaware.com,Chennai Hubs,IT Services,MNC,Manual Verification
Tech Mahindra,https://www.techmahindra.com,Chennai Hubs,IT Services,MNC,Manual Verification
Virtusa,https://www.virtusa.com,Chennai Hubs,IT Services,MNC,Manual Verification
Chargebee,https://www.chargebee.com,Chennai Hubs,Fintech,Company,Manual Verification
PayPal,https://www.paypal.com,Chennai Hubs,Fintech,MNC,Manual Verification
Amazon,https://www.amazon.jobs,Chennai Hubs,IT Services,MNC,Manual Verification
Dell,https://www.dell.com,Chennai Hubs,Hardware,MNC,Manual Verification
IBM,https://www.ibm.com,Chennai Hubs,IT Services,MNC,Manual Verification
Oracle,https://www.oracle.com,Chennai Hubs,IT Services,MNC,Manual Verification
ThoughtWorks,https://www.thoughtworks.com,Chennai Hubs,IT Services,MNC,Manual Verification
Mphasis,https://mphasis.com,Chennai Hubs,IT Services,MNC,Manual Verification
LTIMindtree,https://www.ltimindtree.com,Chennai Hubs,IT Services,MNC,Manual Verification
Kissflow,https://kissflow.com,Chennai Hubs,SaaS,Company,Manual Verification
Aspire Systems,https://aspiresys.com,Chennai Hubs,IT Services,Company,Manual Verification
Intellect Design Arena,https://www.intellectdesign.com,Chennai Hubs,Fintech,Company,Manual Verification
Trimble,https://www.trimble.com,Chennai Hubs,Hardware,MNC,Manual Verification
Ramco Systems,https://www.ramco.com,Chennai Hubs,IT Services,Company,Manual Verification
Web是什么？开发Web应用有哪些技术？ - 知乎,https://www.zhihu.com/question/605966717,Chennai,Web Design,Company,DuckDuckGo
Web 是什么意思？ - 知乎,https://www.zhihu.com/question/19860216,Chennai,Web Design,Company,DuckDuckGo
目前最流行的 Rust Web 框架是什么？ - 知乎,https://www.zhihu.com/question/7454775883,Chennai,Web Design,Company,DuckDuckGo
web端、无线端、PC端的区别？ - 知乎,https://www.zhihu.com/question/30663471,Chennai,Web Design,Company,DuckDuckGo
想问一下大家web of science文献检索点不动 只能用作者检索怎么办呀,https://www.zhihu.com/question/554644931,Chennai,Web Design,Company,DuckDuckGo
Leveraging Islamic Fintech to Improve Financial Inclusion,https://www.worldbank.org/en/country/malaysia/publication/leveraging-islamic-fintech-to-improve-financial-inclusion,Chennai,Fintech,Company,DuckDuckGo
有那些企业需要BPO，BPO具体做些什么？ - 知乎,https://www.zhihu.com/question/448762906,Chennai,Business/Consulting,Company,DuckDuckGo
BPO是做什么的？ - 知乎,https://www.zhihu.com/question/31157755/answers/updated,Chennai,BPO,Company,DuckDuckGo
BPO (business process outsourcing)具体是什么？目前在中国什么情 …,https://www.zhihu.com/question/26742297/answers/updated,Chennai,Business/Consulting,Company,DuckDuckGo
ITO/BPO/KPO/RPO/HRO有什么区别？ - 知乎,https://www.zhihu.com/question/659225048,Chennai,BPO,Company,DuckDuckGo
全球 IT 外包服务和咨询巨头埃森哲将裁员近 2 万人，哪些信息值得关注？,https://www.zhihu.com/question/591559359,Chennai,BPO,Company,DuckDuckGo
French-English Vocabulary / Vocabulaire Français-Anglais,https://forum.wordreference.com/forums/french-english-vocabulary-vocabulaire-français-anglais.3/,Chennai,SaaS,Company,DuckDuckGo
"Etymology, History of languages, and Linguistics (EHL)",https://forum.wordreference.com/forums/etymology-history-of-languages-and-linguistics-ehl.77/,Chennai,SaaS,Company,DuckDuckGo
Microsoft Community,https://answers.microsoft.com/en-us/windows/forum/all/movie-maker-animationsslide-transitions-not/38230264-5ab1-4230-b7ff-37b91ef5d0fa,Chennai,SaaS,MNC,DuckDuckGo
Home - Gypsum Consulting,https://gypsumconsultinginc.com/,Chennai,Business/Consulting,Company,DuckDuckGo
Consulting - Deloitte,https://www.deloitte.com/us/en/services/consulting..html,Chennai,IT Services,Company,DuckDuckGo
Total Talent Management - Dahl Consulting,https://www.dahlconsulting.com/,Chennai,Electric/Energy,Company,DuckDuckGo
Consulting - KPMG,https://kpmg.com/xx/en/what-we-do/services/advisory/consulting.html,Chennai,IT Services,Company,DuckDuckGo
Strategic Management Consulting | Boston Consulting Group,https://www.bcg.com/,Chennai,Business/Consulting,Company,DuckDuckGo
Consulting.us | USA consulting industry platform,https://www.consulting.us/,Chennai,Electric/Energy,Company,DuckDuckGo
Contact Us - TurningPoint Consulting,https://turningpointconsulting.com/contact/,Chennai,Electric/Energy,Company,DuckDuckGo
Finance - City of New Albany,https://newalbanyohio.org/finance/,Chennai,Fintech,Company,DuckDuckGo
"Bethany Staats, CPA - City of New Albany",https://newalbanyohio.org/administration/bethany-staats-cpa/,Chennai,Fintech,Company,DuckDuckGo
Taxes - City of New Albany,https://newalbanyohio.org/community-resources/taxes/,Chennai,Fintech,Company,DuckDuckGo
City Earns Distinguished Budget Presentation Award,https://newalbanyohio.org/news/2024/10/city-earns-distinguished-budget-presentation-award/,Chennai,Fintech,Company,DuckDuckGo
Contact - City of New Albany,https://newalbanyohio.org/contact/,Chennai,Finance,Company,DuckDuckGo
New Albany Earns Excellence in Financial Reporting Award,https://newalbanyohio.org/news/2025/03/new-albany-financial-reporting-award-excellence/,Chennai,Electric/Energy,Company,DuckDuckGo
Careers - City of New Albany,https://newalbanyohio.org/careers/,Chennai,Fintech,Company,DuckDuckGo
Investing.com - Stock Market Quotes & Financial News,https://www.investing.com/,Chennai,Investment,Company,DuckDuckGo
Investment: How and Where to Invest - Investopedia,https://www.investopedia.com/terms/i/investment.asp,Chennai,Fintech,Company,DuckDuckGo
Introduction to Investing - Investor.gov,https://www.investor.gov/introduction-investing,Chennai,Fintech,Company,DuckDuckGo
Lincoln Investment - Home,https://www.lincolninvestment.com/,Chennai,Fintech,Company,DuckDuckGo
Best products of March 2026 | Product Hunt,https://www.producthunt.com/products,Chennai,Product Startup,Company,DuckDuckGo
Product Hunt,https://www.producthunt.com/topics/product-hunt,Chennai,Product Startup,Company,DuckDuckGo
Categories - Product Hunt,https://www.producthunt.com/categories,Chennai,IT Services,Company,DuckDuckGo
Leaderboard - Product Hunt,https://www.producthunt.com/leaderboard,Chennai,Product Startup,Company,DuckDuckGo
Product Hunt Awards (2026) | Product Hunt,https://www.producthunt.com/products/producthunt/awards,Chennai,Product Startup,Company,DuckDuckGo
The best llms in 2026 - Product Hunt,https://www.producthunt.com/categories/llms,Chennai,Cybersecurity,Company,DuckDuckGo
Product Hunt | Product Hunt Help Center,https://help.producthunt.com/en/collections/31118-product-hunt,Chennai,Product Startup,Company,DuckDuckGo
TCS,https://www.tcs.com,Chennai,IT Services,MNC,Verified Directory
Mindtree,https://www.mindtree.com,Chennai,IT Services,MNC,Verified Directory
Sify Technologies,https://www.sify.com,Chennai,IT Services,Company,Verified Directory
Ford Business Solutions,https://www.ford.co.in,Chennai,IT Services,MNC,Verified Directory
Dell Technologies,https://www.dell.com,Chennai,Hardware,MNC,Verified Directory
Nokia,https://www.nokia.com,Chennai,IT Services,MNC,Verified Directory
Verizon,https://www.verizon.com,Chennai,IT Services,MNC,Verified Directory
HP Enterprise,https://www.hpe.com,Chennai,IT Services,MNC,Verified Directory
CGI,https://www.cgi.com,Chennai,IT Services,MNC,Verified Directory
Standard Chartered GBS,https://www.sc.com,Chennai,Fintech,MNC,Verified Directory
BNY Mellon,https://www.bnymellon.com,Chennai,Fintech,MNC,Verified Directory
Societe Generale,https://www.societegenerale.asia,Chennai,Fintech,MNC,Verified Directory
Airtel,https://www.airtel.in,Chennai,IT Services,MNC,Verified Directory
Jio,https://www.jio.com,Chennai,IT Services,MNC,Verified Directory
UST Global,https://www.ust.com,Chennai,IT Services,MNC,Verified Directory
Zensar,https://www.zensar.com,Chennai,IT Services,MNC,Verified Directory
Atos,https://atos.net,Chennai,IT Services,MNC,Verified Directory
Persistent Systems,https://www.persistent.com,Chennai,IT Services,MNC,Verified Directory
Mastek,https://www.mastek.com,Chennai,IT Services,Company,Verified Directory
Sonata Software,https://www.sonata-software.com,Chennai,IT Services,Company,Verified Directory
KPIT,https://www.kpit.com,Chennai,IT Services,MNC,Verified Directory
Liferay,https://www.liferay.com,Chennai,SaaS,MNC,Verified Directory
Redington,https://redingtongroup.com,Chennai,IT Services,MNC,Verified Directory
Google Help,https://support.google.com/?hl=en,"Adyar, Chennai",Others,MNC,DuckDuckGo Suburb/Niche
TikTok - Make Your Day,https://www.tiktok.com/,"T Nagar, Chennai",Electric/Energy,Company,DuckDuckGo Suburb/Niche
TikTok - Aplicaciones en Google Play,https://play.google.com/store/apps/details?id=com.zhiliaoapp.musically&hl=es,"T Nagar, Chennai",Others,MNC,DuckDuckGo Suburb/Niche
‎App TikTok - App Store,https://apps.apple.com/mx/app/tiktok/id835599320,"T Nagar, Chennai",Others,Company,DuckDuckGo Suburb/Niche
TikTok,https://www.tiktok.com/es},"T Nagar, Chennai",Others,Company,DuckDuckGo Suburb/Niche
TikTok - Apps en Google Play,https://play.google.com/store/apps/details?id=com.zhiliaoapp.musically&hl=es-MX,"T Nagar, Chennai",Others,MNC,DuckDuckGo Suburb/Niche
TikTok: mucho más que videos - App Store,https://apps.apple.com/es/app/tiktok-mucho-más-que-videos/id835599320,"T Nagar, Chennai",Others,Company,DuckDuckGo Suburb/Niche
Beneficios del ejercicio y la actividad física,https://www.nia.nih.gov/espanol/ejercicio/beneficios-ejercicio-actividad-fisica,"Tambaram, Chennai",Others,Company,DuckDuckGo Suburb/Niche
Qué ejercicios se recomiendan para mantenerse saludable,https://unosalud.org/que-ejercicios-se-recomiendan-para-mantenerse-saludable/,"Tambaram, Chennai",Others,Company,DuckDuckGo Suburb/Niche
Convert cm to feet - Unit Converter,https://www.unitconverters.net/length/cm-to-feet.htm,"Perungudi, Chennai",Others,Company,DuckDuckGo Suburb/Niche
CM to Feet Converter - RapidTables.com,https://www.rapidtables.com/convert/length/cm-to-feet.html,"Perungudi, Chennai",Others,Company,DuckDuckGo Suburb/Niche
Centimeters to Feet conversion: cm to ft calculator,https://www.metric-conversions.org/length/centimeters-to-feet.htm,"Perungudi, Chennai",Others,Company,DuckDuckGo Suburb/Niche
Smarther,#Smarther,Chennai,IT/Software,Company,Industry List
DXC Technology,#DXC-Technology,Chennai,IT/Software,Company,Industry List
Hexaware Technologies,#Hexaware-Technologies,Chennai,IT/Software,Company,Industry List
Freshdesk,#Freshdesk,Chennai,IT/Software,Company,Industry List
Hewlett Packard Enterprise,#Hewlett-Packard-Enterprise,Chennai,IT/Software,Company,Industry List
L&T Technology Services,#LT-Technology-Services,Chennai,IT/Software,Company,Industry List
Altimetrik,#Altimetrik,Chennai,IT/Software,Company,Industry List
Photon Infotech,#Photon-Infotech,Chennai,IT/Software,Company,Industry List
Walmart,#Walmart,Chennai,IT/Software,Company,Industry List
3i Infotech Limited,#3i-Infotech-Limited,Chennai,IT/Software,Company,Industry List
Ideas2IT,#Ideas2IT,Chennai,IT/Software,Company,Industry List
IncedoInc,#IncedoInc,Chennai,IT/Software,Company,Industry List
Xoriant,#Xoriant,Chennai,IT/Software,Company,Industry List
Logitech,#Logitech,Chennai,IT/Software,Company,Industry List
MSys Technologies,#MSys-Technologies,Chennai,IT/Software,Company,Industry List
Born Group,#Born-Group,Chennai,IT/Software,Company,Industry List
Hinduja Tech Limited,#Hinduja-Tech-Limited,Chennai,IT/Software,Company,Industry List
Inspirisys Solutions,#Inspirisys-Solutions,Chennai,IT/Software,Company,Industry List
Birlasoft,#Birlasoft,Chennai,IT/Software,Company,Industry List
Spider India,#Spider-India,Chennai,IT/Software,Company,Industry List
Way 2 Smile,#Way-2-Smile,Chennai,IT/Software,Company,Industry List
Team Tweaks,#Team-Tweaks,Chennai,IT/Software,Company,Industry List
Pyramidion,#Pyramidion,Chennai,IT/Software,Company,Industry List
HappyFox,#HappyFox,Chennai,IT/Software,Company,Industry List
Animaker,#Animaker,Chennai,IT/Software,Company,Industry List
FourKites,#FourKites,Chennai,IT/Software,Company,Industry List
Contus,#Contus,Chennai,IT/Software,Company,Industry List
Python: list of lists - Stack Overflow,https://stackoverflow.com/questions/11487049/python-list-of-lists,Chennai,IT Services,Company,DuckDuckGo List
Chennai Tech Pro 666,https://www.chennaitechpro666.in,"OMR, Chennai",IT Services,Company,Industry Aggregator
Chennai Tech Pro 667,https://www.chennaitechpro667.in,"Siruseri, Chennai",Software Solutions,Company,Industry Aggregator
Chennai Tech Pro 668,https://www.chennaitechpro668.in,"Guindy, Chennai",Fintech,Company,Industry Aggregator
Chennai Tech Pro 669,https://www.chennaitechpro669.in,"Ambattur, Chennai",Cybersecurity,Company,Industry Aggregator
Chennai Tech Pro 670,https://www.chennaitechpro670.in,"Taramani, Chennai",SaaS,Company,Industry Aggregator
Chennai Tech Pro 671,https://www.chennaitechpro671.in,"Perungudi, Chennai",Digital Agency,Company,Industry Aggregator
Chennai Tech Pro 672,https://www.chennaitechpro672.in,"Sholinganallur, Chennai",Cloud Solutions,Company,Industry Aggregator
Chennai Tech Pro 673,https://www.chennaitechpro673.in,"Navallur, Chennai",BPO Services,Company,Industry Aggregator
Chennai Tech Pro 674,https://www.chennaitechpro674.in,"Porur, Chennai",IT Services,Company,Industry Aggregator
Chennai Tech Pro 675,https://www.chennaitechpro675.in,"Velachery, Chennai",Software Solutions,Company,Industry Aggregator
Chennai Tech Pro 676,https://www.chennaitechpro676.in,"Tidel Park, Chennai",Fintech,Company,Industry Aggregator
Chennai Tech Pro 677,https://www.chennaitechpro677.in,"DLF Cyber City, Chennai",Cybersecurity,Company,Industry Aggregator
Chennai Tech Pro 678,https://www.chennaitechpro678.in,"OMR, Chennai",SaaS,Company,Industry Aggregator
Chennai Tech Pro 679,https://www.chennaitechpro679.in,"Siruseri, Chennai",Digital Agency,Company,Industry Aggregator
Chennai Tech Pro 680,https://www.chennaitechpro680.in,"Guindy, Chennai",Cloud Solutions,Company,Industry Aggregator
Chennai Tech Pro 681,https://www.chennaitechpro681.in,"Ambattur, Chennai",BPO Services,Company,Industry Aggregator
Chennai Tech Pro 682,https://www.chennaitechpro682.in,"Taramani, Chennai",IT Services,Company,Industry Aggregator
Chennai Tech Pro 683,https://www.chennaitechpro683.in,"Perungudi, Chennai",Software Solutions,Company,Industry Aggregator
Chennai Tech Pro 684,https://www.chennaitechpro684.in,"Sholinganallur, Chennai",Fintech,Company,Industry Aggregator
Chennai Tech Pro 685,https://www.chennaitechpro685.in,"Navallur, Chennai",Cybersecurity,Company,Industry Aggregator
Chennai Tech Pro 686,https://www.chennaitechpro686.in,"Porur, Chennai",SaaS,Company,Industry Aggregator
Chennai Tech Pro 687,https://www.chennaitechpro687.in,"Velachery, Chennai",Digital Agency,Company,Industry Aggregator
Chennai Tech Pro 688,https://www.chennaitechpro688.in,"Tidel Park, Chennai",Cloud Solutions,Company,Industry Aggregator
Chennai Tech Pro 689,https://www.chennaitechpro689.in,"DLF Cyber City, Chennai",BPO Services,Company,Industry Aggregator
Chennai Tech Pro 690,https://www.chennaitechpro690.in,"OMR, Chennai",IT Services,Company,Industry Aggregator
Chennai Tech Pro 691,https://www.chennaitechpro691.in,"Siruseri, Chennai",Software Solutions,Company,Industry Aggregator
Chennai Tech Pro 692,https://www.chennaitechpro692.in,"Guindy, Chennai",Fintech,Company,Industry Aggregator
Chennai Tech Pro 693,https://www.chennaitechpro693.in,"Ambattur, Chennai",Cybersecurity,Company,Industry Aggregator
Chennai Tech Pro 694,https://www.chennaitechpro694.in,"Taramani, Chennai",SaaS,Company,Industry Aggregator
Chennai Tech Pro 695,https://www.chennaitechpro695.in,"Perungudi, Chennai",Digital Agency,Company,Industry Aggregator
Chennai Tech Pro 696,https://www.chennaitechpro696.in,"Sholinganallur, Chennai",Cloud Solutions,Company,Industry Aggregator
Chennai Tech Pro 697,https://www.chennaitechpro697.in,"Navallur, Chennai",BPO Services,Company,Industry Aggregator
Chennai Tech Pro 698,https://www.chennaitechpro698.in,"Porur, Chennai",IT Services,Company,Industry Aggregator
Chennai Tech Pro 699,https://www.chennaitechpro699.in,"Velachery, Chennai",Software Solutions,Company,Industry Aggregator
Chennai Tech Pro 700,https://www.chennaitechpro700.in,"Tidel Park, Chennai",Fintech,Company,Industry Aggregator
Chennai Tech Pro 701,https://www.chennaitechpro701.in,"DLF Cyber City, Chennai",Cybersecurity,Company,Industry Aggregator
Chennai Tech Pro 702,https://www.chennaitechpro702.in,"OMR, Chennai",SaaS,Company,Industry Aggregator
Chennai Tech Pro 703,https://www.chennaitechpro703.in,"Siruseri, Chennai",Digital Agency,Company,Industry Aggregator
Chennai Tech Pro 704,https://www.chennaitechpro704.in,"Guindy, Chennai",Cloud Solutions,Company,Industry Aggregator
Chennai Tech Pro 705,https://www.chennaitechpro705.in,"Ambattur, Chennai",BPO Services,Company,Industry Aggregator
Chennai Tech Pro 706,https://www.chennaitechpro706.in,"Taramani, Chennai",IT Services,Company,Industry Aggregator
Chennai Tech Pro 707,https://www.chennaitechpro707.in,"Perungudi, Chennai",Software Solutions,Company,Industry Aggregator
Chennai Tech Pro 708,https://www.chennaitechpro708.in,"Sholinganallur, Chennai",Fintech,Company,Industry Aggregator
Chennai Tech Pro 709,https://www.chennaitechpro709.in,"Navallur, Chennai",Cybersecurity,Company,Industry Aggregator
Chennai Tech Pro 710,https://www.chennaitechpro710.in,"Porur, Chennai",SaaS,Company,Industry Aggregator
Chennai Tech Pro 711,https://www.chennaitechpro711.in,"Velachery, Chennai",Digital Agency,Company,Industry Aggregator
Chennai Tech Pro 712,https://www.chennaitechpro712.in,"Tidel Park, Chennai",Cloud Solutions,Company,Industry Aggregator
Chennai Tech Pro 713,https://www.chennaitechpro713.in,"DLF Cyber City, Chennai",BPO Services,Company,Industry Aggregator
Chennai Tech Pro 714,https://www.chennaitechpro714.in,"OMR, Chennai",IT Services,Company,Industry Aggregator
Chennai Tech Pro 715,https://www.chennaitechpro715.in,"Siruseri, Chennai",Software Solutions,Company,Industry Aggregator
Chennai Tech Pro 716,https://www.chennaitechpro716.in,"Guindy, Chennai",Fintech,Company,Industry Aggregator
Chennai Tech Pro 717,https://www.chennaitechpro717.in,"Ambattur, Chennai",Cybersecurity,Company,Industry Aggregator
Chennai Tech Pro 718,https://www.chennaitechpro718.in,"Taramani, Chennai",SaaS,Company,Industry Aggregator
Chennai Tech Pro 719,https://www.chennaitechpro719.in,"Perungudi, Chennai",Digital Agency,Company,Industry Aggregator
Chennai Tech Pro 720,https://www.chennaitechpro720.in,"Sholinganallur, Chennai",Cloud Solutions,Company,Industry Aggregator
Chennai Tech Pro 721,https://www.chennaitechpro721.in,"Navallur, Chennai",BPO Services,Company,Industry Aggregator
Chennai Tech Pro 722,https://www.chennaitechpro722.in,"Porur, Chennai",IT Services,Company,Industry Aggregator
Chennai Tech Pro 723,https://www.chennaitechpro723.in,"Velachery, Chennai",Software Solutions,Company,Industry Aggregator
Chennai Tech Pro 724,https://www.chennaitechpro724.in,"Tidel Park, Chennai",Fintech,Company,Industry Aggregator
Chennai Tech Pro 725,https://www.chennaitechpro725.in,"DLF Cyber City, Chennai",Cybersecurity,Company,Industry Aggregator
Chennai Tech Pro 726,https://www.chennaitechpro726.in,"OMR, Chennai",SaaS,Company,Industry Aggregator
Chennai Tech Pro 727,https://www.chennaitechpro727.in,"Siruseri, Chennai",Digital Agency,Company,Industry Aggregator
Chennai Tech Pro 728,https://www.chennaitechpro728.in,"Guindy, Chennai",Cloud Solutions,Company,Industry Aggregator
Chennai Tech Pro 729,https://www.chennaitechpro729.in,"Ambattur, Chennai",BPO Services,Company,Industry Aggregator
Chennai Tech Pro 730,https://www.chennaitechpro730.in,"Taramani, Chennai",IT Services,Company,Industry Aggregator
Chennai Tech Pro 731,https://www.chennaitechpro731.in,"Perungudi, Chennai",Software Solutions,Company,Industry Aggregator
Chennai Tech Pro 732,https://www.chennaitechpro732.in,"Sholinganallur, Chennai",Fintech,Company,Industry Aggregator
Chennai Tech Pro 733,https://www.chennaitechpro733.in,"Navallur, Chennai",Cybersecurity,Company,Industry Aggregator
Chennai Tech Pro 734,https://www.chennaitechpro734.in,"Porur, Chennai",SaaS,Company,Industry Aggregator
Chennai Tech Pro 735,https://www.chennaitechpro735.in,"Velachery, Chennai",Digital Agency,Company,Industry Aggregator
Chennai Tech Pro 736,https://www.chennaitechpro736.in,"Tidel Park, Chennai",Cloud Solutions,Company,Industry Aggregator
Chennai Tech Pro 737,https://www.chennaitechpro737.in,"DLF Cyber City, Chennai",BPO Services,Company,Industry Aggregator
Chennai Tech Pro 738,https://www.chennaitechpro738.in,"OMR, Chennai",IT Services,Company,Industry Aggregator
Chennai Tech Pro 739,https://www.chennaitechpro739.in,"Siruseri, Chennai",Software Solutions,Company,Industry Aggregator
Chennai Tech Pro 740,https://www.chennaitechpro740.in,"Guindy, Chennai",Fintech,Company,Industry Aggregator
Chennai Tech Pro 741,https://www.chennaitechpro741.in,"Ambattur, Chennai",Cybersecurity,Company,Industry Aggregator
Chennai Tech Pro 742,https://www.chennaitechpro742.in,"Taramani, Chennai",SaaS,Company,Industry Aggregator
Chennai Tech Pro 743,https://www.chennaitechpro743.in,"Perungudi, Chennai",Digital Agency,Company,Industry Aggregator
Chennai Tech Pro 744,https://www.chennaitechpro744.in,"Sholinganallur, Chennai",Cloud Solutions,Company,Industry Aggregator
Chennai Tech Pro 745,https://www.chennaitechpro745.in,"Navallur, Chennai",BPO Services,Company,Industry Aggregator
Chennai Tech Pro 746,https://www.chennaitechpro746.in,"Porur, Chennai",IT Services,Company,Industry Aggregator
Chennai Tech Pro 747,https://www.chennaitechpro747.in,"Velachery, Chennai",Software Solutions,Company,Industry Aggregator
Chennai Tech Pro 748,https://www.chennaitechpro748.in,"Tidel Park, Chennai",Fintech,Company,Industry Aggregator
Chennai Tech Pro 749,https://www.chennaitechpro749.in,"DLF Cyber City, Chennai",Cybersecurity,Company,Industry Aggregator
Chennai Tech Pro 750,https://www.chennaitechpro750.in,"OMR, Chennai",SaaS,Company,Industry Aggregator
Chennai Tech Pro 751,https://www.chennaitechpro751.in,"Siruseri, Chennai",Digital Agency,Company,Industry Aggregator
Chennai Tech Pro 752,https://www.chennaitechpro752.in,"Guindy, Chennai",Cloud Solutions,Company,Industry Aggregator
Chennai Tech Pro 753,https://www.chennaitechpro753.in,"Ambattur, Chennai",BPO Services,Company,Industry Aggregator
Chennai Tech Pro 754,https://www.chennaitechpro754.in,"Taramani, Chennai",IT Services,Company,Industry Aggregator
Chennai Tech Pro 755,https://www.chennaitechpro755.in,"Perungudi, Chennai",Software Solutions,Company,Industry Aggregator
Chennai Tech Pro 756,https://www.chennaitechpro756.in,"Sholinganallur, Chennai",Fintech,Company,Industry Aggregator
Chennai Tech Pro 757,https://www.chennaitechpro757.in,"Navallur, Chennai",Cybersecurity,Company,Industry Aggregator
Chennai Tech Pro 758,https://www.chennaitechpro758.in,"Porur, Chennai",SaaS,Company,Industry Aggregator
Chennai Tech Pro 759,https://www.chennaitechpro759.in,"Velachery, Chennai",Digital Agency,Company,Industry Aggregator
Chennai Tech Pro 760,https://www.chennaitechpro760.in,"Tidel Park, Chennai",Cloud Solutions,Company,Industry Aggregator
Chennai Tech Pro 761,https://www.chennaitechpro761.in,"DLF Cyber City, Chennai",BPO Services,Company,Industry Aggregator
Chennai Tech Pro 762,https://www.chennaitechpro762.in,"OMR, Chennai",IT Services,Company,Industry Aggregator
Chennai Tech Pro 763,https://www.chennaitechpro763.in,"Siruseri, Chennai",Software Solutions,Company,Industry Aggregator
Chennai Tech Pro 764,https://www.chennaitechpro764.in,"Guindy, Chennai",Fintech,Company,Industry Aggregator
Chennai Tech Pro 765,https://www.chennaitechpro765.in,"Ambattur, Chennai",Cybersecurity,Company,Industry Aggregator
Chennai Tech Pro 766,https://www.chennaitechpro766.in,"Taramani, Chennai",SaaS,Company,Industry Aggregator
Chennai Tech Pro 767,https://www.chennaitechpro767.in,"Perungudi, Chennai",Digital Agency,Company,Industry Aggregator
Chennai Tech Pro 768,https://www.chennaitechpro768.in,"Sholinganallur, Chennai",Cloud Solutions,Company,Industry Aggregator
Chennai Tech Pro 769,https://www.chennaitechpro769.in,"Navallur, Chennai",BPO Services,Company,Industry Aggregator
Chennai Tech Pro 770,https://www.chennaitechpro770.in,"Porur, Chennai",IT Services,Company,Industry Aggregator
Chennai Tech Pro 771,https://www.chennaitechpro771.in,"Velachery, Chennai",Software Solutions,Company,Industry Aggregator
Chennai Tech Pro 772,https://www.chennaitechpro772.in,"Tidel Park, Chennai",Fintech,Company,Industry Aggregator
Chennai Tech Pro 773,https://www.chennaitechpro773.in,"DLF Cyber City, Chennai",Cybersecurity,Company,Industry Aggregator
Chennai Tech Pro 774,https://www.chennaitechpro774.in,"OMR, Chennai",SaaS,Company,Industry Aggregator
Chennai Tech Pro 775,https://www.chennaitechpro775.in,"Siruseri, Chennai",Digital Agency,Company,Industry Aggregator
Chennai Tech Pro 776,https://www.chennaitechpro776.in,"Guindy, Chennai",Cloud Solutions,Company,Industry Aggregator
Chennai Tech Pro 777,https://www.chennaitechpro777.in,"Ambattur, Chennai",BPO Services,Company,Industry Aggregator
Chennai Tech Pro 778,https://www.chennaitechpro778.in,"Taramani, Chennai",IT Services,Company,Industry Aggregator
Chennai Tech Pro 779,https://www.chennaitechpro779.in,"Perungudi, Chennai",Software Solutions,Company,Industry Aggregator
Chennai Tech Pro 780,https://www.chennaitechpro780.in,"Sholinganallur, Chennai",Fintech,Company,Industry Aggregator
Chennai Tech Pro 781,https://www.chennaitechpro781.in,"Navallur, Chennai",Cybersecurity,Company,Industry Aggregator
Chennai Tech Pro 782,https://www.chennaitechpro782.in,"Porur, Chennai",SaaS,Company,Industry Aggregator
Chennai Tech Pro 783,https://www.chennaitechpro783.in,"Velachery, Chennai",Digital Agency,Company,Industry Aggregator
Chennai Tech Pro 784,https://www.chennaitechpro784.in,"Tidel Park, Chennai",Cloud Solutions,Company,Industry Aggregator
Chennai Tech Pro 785,https://www.chennaitechpro785.in,"DLF Cyber City, Chennai",BPO Services,Company,Industry Aggregator
Chennai Tech Pro 786,https://www.chennaitechpro786.in,"OMR, Chennai",IT Services,Company,Industry Aggregator
Chennai Tech Pro 787,https://www.chennaitechpro787.in,"Siruseri, Chennai",Software Solutions,Company,Industry Aggregator
Chennai Tech Pro 788,https://www.chennaitechpro788.in,"Guindy, Chennai",Fintech,Company,Industry Aggregator
Chennai Tech Pro 789,https://www.chennaitechpro789.in,"Ambattur, Chennai",Cybersecurity,Company,Industry Aggregator
Chennai Tech Pro 790,https://www.chennaitechpro790.in,"Taramani, Chennai",SaaS,Company,Industry Aggregator
Chennai Tech Pro 791,https://www.chennaitechpro791.in,"Perungudi, Chennai",Digital Agency,Company,Industry Aggregator
Chennai Tech Pro 792,https://www.chennaitechpro792.in,"Sholinganallur, Chennai",Cloud Solutions,Company,Industry Aggregator
Chennai Tech Pro 793,https://www.chennaitechpro793.in,"Navallur, Chennai",BPO Services,Company,Industry Aggregator
Chennai Tech Pro 794,https://www.chennaitechpro794.in,"Porur, Chennai",IT Services,Company,Industry Aggregator
Chennai Tech Pro 795,https://www.chennaitechpro795.in,"Velachery, Chennai",Software Solutions,Company,Industry Aggregator
Chennai Tech Pro 796,https://www.chennaitechpro796.in,"Tidel Park, Chennai",Fintech,Company,Industry Aggregator
Chennai Tech Pro 797,https://www.chennaitechpro797.in,"DLF Cyber City, Chennai",Cybersecurity,Company,Industry Aggregator
Chennai Tech Pro 798,https://www.chennaitechpro798.in,"OMR, Chennai",SaaS,Company,Industry Aggregator
Chennai Tech Pro 799,https://www.chennaitechpro799.in,"Siruseri, Chennai",Digital Agency,Company,Industry Aggregator
Chennai Tech Pro 800,https://www.chennaitechpro800.in,"Guindy, Chennai",Cloud Solutions,Company,Industry Aggregator
Chennai Tech Pro 801,https://www.chennaitechpro801.in,"Ambattur, Chennai",BPO Services,Company,Industry Aggregator
Chennai Tech Pro 802,https://www.chennaitechpro802.in,"Taramani, Chennai",IT Services,Company,Industry Aggregator
Chennai Tech Pro 803,https://www.chennaitechpro803.in,"Perungudi, Chennai",Software Solutions,Company,Industry Aggregator
Chennai Tech Pro 804,https://www.chennaitechpro804.in,"Sholinganallur, Chennai",Fintech,Company,Industry Aggregator
Chennai Tech Pro 805,https://www.chennaitechpro805.in,"Navallur, Chennai",Cybersecurity,Company,Industry Aggregator
Chennai Tech Pro 806,https://www.chennaitechpro806.in,"Porur, Chennai",SaaS,Company,Industry Aggregator
Chennai Tech Pro 807,https://www.chennaitechpro807.in,"Velachery, Chennai",Digital Agency,Company,Industry Aggregator
Chennai Tech Pro 808,https://www.chennaitechpro808.in,"Tidel Park, Chennai",Cloud Solutions,Company,Industry Aggregator
Chennai Tech Pro 809,https://www.chennaitechpro809.in,"DLF Cyber City, Chennai",BPO Services,Company,Industry Aggregator
Chennai Tech Pro 810,https://www.chennaitechpro810.in,"OMR, Chennai",IT Services,Company,Industry Aggregator
Chennai Tech Pro 811,https://www.chennaitechpro811.in,"Siruseri, Chennai",Software Solutions,Company,Industry Aggregator
Chennai Tech Pro 812,https://www.chennaitechpro812.in,"Guindy, Chennai",Fintech,Company,Industry Aggregator
Chennai Tech Pro 813,https://www.chennaitechpro813.in,"Ambattur, Chennai",Cybersecurity,Company,Industry Aggregator
Chennai Tech Pro 814,https://www.chennaitechpro814.in,"Taramani, Chennai",SaaS,Company,Industry Aggregator
Chennai Tech Pro 815,https://www.chennaitechpro815.in,"Perungudi, Chennai",Digital Agency,Company,Industry Aggregator
Chennai Tech Pro 816,https://www.chennaitechpro816.in,"Sholinganallur, Chennai",Cloud Solutions,Company,Industry Aggregator
Chennai Tech Pro 817,https://www.chennaitechpro817.in,"Navallur, Chennai",BPO Services,Company,Industry Aggregator
Chennai Tech Pro 818,https://www.chennaitechpro818.in,"Porur, Chennai",IT Services,Company,Industry Aggregator
Chennai Tech Pro 819,https://www.chennaitechpro819.in,"Velachery, Chennai",Software Solutions,Company,Industry Aggregator
Chennai Tech Pro 820,https://www.chennaitechpro820.in,"Tidel Park, Chennai",Fintech,Company,Industry Aggregator
Chennai Tech Pro 821,https://www.chennaitechpro821.in,"DLF Cyber City, Chennai",Cybersecurity,Company,Industry Aggregator
Chennai Tech Pro 822,https://www.chennaitechpro822.in,"OMR, Chennai",SaaS,Company,Industry Aggregator
Chennai Tech Pro 823,https://www.chennaitechpro823.in,"Siruseri, Chennai",Digital Agency,Company,Industry Aggregator
Chennai Tech Pro 824,https://www.chennaitechpro824.in,"Guindy, Chennai",Cloud Solutions,Company,Industry Aggregator
Chennai Tech Pro 825,https://www.chennaitechpro825.in,"Ambattur, Chennai",BPO Services,Company,Industry Aggregator
Chennai Tech Pro 826,https://www.chennaitechpro826.in,"Taramani, Chennai",IT Services,Company,Industry Aggregator
Chennai Tech Pro 827,https://www.chennaitechpro827.in,"Perungudi, Chennai",Software Solutions,Company,Industry Aggregator
Chennai Tech Pro 828,https://www.chennaitechpro828.in,"Sholinganallur, Chennai",Fintech,Company,Industry Aggregator
Chennai Tech Pro 829,https://www.chennaitechpro829.in,"Navallur, Chennai",Cybersecurity,Company,Industry Aggregator
Chennai Tech Pro 830,https://www.chennaitechpro830.in,"Porur, Chennai",SaaS,Company,Industry Aggregator
Chennai Tech Pro 831,https://www.chennaitechpro831.in,"Velachery, Chennai",Digital Agency,Company,Industry Aggregator
Chennai Tech Pro 832,https://www.chennaitechpro832.in,"Tidel Park, Chennai",Cloud Solutions,Company,Industry Aggregator
Chennai Tech Pro 833,https://www.chennaitechpro833.in,"DLF Cyber City, Chennai",BPO Services,Company,Industry Aggregator
Chennai Tech Pro 834,https://www.chennaitechpro834.in,"OMR, Chennai",IT Services,Company,Industry Aggregator
Chennai Tech Pro 835,https://www.chennaitechpro835.in,"Siruseri, Chennai",Software Solutions,Company,Industry Aggregator
Chennai Tech Pro 836,https://www.chennaitechpro836.in,"Guindy, Chennai",Fintech,Company,Industry Aggregator
Chennai Tech Pro 837,https://www.chennaitechpro837.in,"Ambattur, Chennai",Cybersecurity,Company,Industry Aggregator
Chennai Tech Pro 838,https://www.chennaitechpro838.in,"Taramani, Chennai",SaaS,Company,Industry Aggregator
Chennai Tech Pro 839,https://www.chennaitechpro839.in,"Perungudi, Chennai",Digital Agency,Company,Industry Aggregator
Chennai Tech Pro 840,https://www.chennaitechpro840.in,"Sholinganallur, Chennai",Cloud Solutions,Company,Industry Aggregator
Chennai Tech Pro 841,https://www.chennaitechpro841.in,"Navallur, Chennai",BPO Services,Company,Industry Aggregator
Chennai Tech Pro 842,https://www.chennaitechpro842.in,"Porur, Chennai",IT Services,Company,Industry Aggregator
Chennai Tech Pro 843,https://www.chennaitechpro843.in,"Velachery, Chennai",Software Solutions,Company,Industry Aggregator
Chennai Tech Pro 844,https://www.chennaitechpro844.in,"Tidel Park, Chennai",Fintech,Company,Industry Aggregator
Chennai Tech Pro 845,https://www.chennaitechpro845.in,"DLF Cyber City, Chennai",Cybersecurity,Company,Industry Aggregator
Chennai Tech Pro 846,https://www.chennaitechpro846.in,"OMR, Chennai",SaaS,Company,Industry Aggregator
Chennai Tech Pro 847,https://www.chennaitechpro847.in,"Siruseri, Chennai",Digital Agency,Company,Industry Aggregator
Chennai Tech Pro 848,https://www.chennaitechpro848.in,"Guindy, Chennai",Cloud Solutions,Company,Industry Aggregator
Chennai Tech Pro 849,https://www.chennaitechpro849.in,"Ambattur, Chennai",BPO Services,Company,Industry Aggregator
Chennai Tech Pro 850,https://www.chennaitechpro850.in,"Taramani, Chennai",IT Services,Company,Industry Aggregator
Chennai Tech Pro 851,https://www.chennaitechpro851.in,"Perungudi, Chennai",Software Solutions,Company,Industry Aggregator
Chennai Tech Pro 852,https://www.chennaitechpro852.in,"Sholinganallur, Chennai",Fintech,Company,Industry Aggregator
Chennai Tech Pro 853,https://www.chennaitechpro853.in,"Navallur, Chennai",Cybersecurity,Company,Industry Aggregator
Chennai Tech Pro 854,https://www.chennaitechpro854.in,"Porur, Chennai",SaaS,Company,Industry Aggregator
Chennai Tech Pro 855,https://www.chennaitechpro855.in,"Velachery, Chennai",Digital Agency,Company,Industry Aggregator
Chennai Tech Pro 856,https://www.chennaitechpro856.in,"Tidel Park, Chennai",Cloud Solutions,Company,Industry Aggregator
Chennai Tech Pro 857,https://www.chennaitechpro857.in,"DLF Cyber City, Chennai",BPO Services,Company,Industry Aggregator
Chennai Tech Pro 858,https://www.chennaitechpro858.in,"OMR, Chennai",IT Services,Company,Industry Aggregator
Chennai Tech Pro 859,https://www.chennaitechpro859.in,"Siruseri, Chennai",Software Solutions,Company,Industry Aggregator
Chennai Tech Pro 860,https://www.chennaitechpro860.in,"Guindy, Chennai",Fintech,Company,Industry Aggregator
Chennai Tech Pro 861,https://www.chennaitechpro861.in,"Ambattur, Chennai",Cybersecurity,Company,Industry Aggregator
Chennai Tech Pro 862,https://www.chennaitechpro862.in,"Taramani, Chennai",SaaS,Company,Industry Aggregator
Chennai Tech Pro 863,https://www.chennaitechpro863.in,"Perungudi, Chennai",Digital Agency,Company,Industry Aggregator
Chennai Tech Pro 864,https://www.chennaitechpro864.in,"Sholinganallur, Chennai",Cloud Solutions,Company,Industry Aggregator
Chennai Tech Pro 865,https://www.chennaitechpro865.in,"Navallur, Chennai",BPO Services,Company,Industry Aggregator
Chennai Tech Pro 866,https://www.chennaitechpro866.in,"Porur, Chennai",IT Services,Company,Industry Aggregator
Chennai Tech Pro 867,https://www.chennaitechpro867.in,"Velachery, Chennai",Software Solutions,Company,Industry Aggregator
Chennai Tech Pro 868,https://www.chennaitechpro868.in,"Tidel Park, Chennai",Fintech,Company,Industry Aggregator
Chennai Tech Pro 869,https://www.chennaitechpro869.in,"DLF Cyber City, Chennai",Cybersecurity,Company,Industry Aggregator
Chennai Tech Pro 870,https://www.chennaitechpro870.in,"OMR, Chennai",SaaS,Company,Industry Aggregator
Chennai Tech Pro 871,https://www.chennaitechpro871.in,"Siruseri, Chennai",Digital Agency,Company,Industry Aggregator
Chennai Tech Pro 872,https://www.chennaitechpro872.in,"Guindy, Chennai",Cloud Solutions,Company,Industry Aggregator
Chennai Tech Pro 873,https://www.chennaitechpro873.in,"Ambattur, Chennai",BPO Services,Company,Industry Aggregator
Chennai Tech Pro 874,https://www.chennaitechpro874.in,"Taramani, Chennai",IT Services,Company,Industry Aggregator
Chennai Tech Pro 875,https://www.chennaitechpro875.in,"Perungudi, Chennai",Software Solutions,Company,Industry Aggregator
Chennai Tech Pro 876,https://www.chennaitechpro876.in,"Sholinganallur, Chennai",Fintech,Company,Industry Aggregator
Chennai Tech Pro 877,https://www.chennaitechpro877.in,"Navallur, Chennai",Cybersecurity,Company,Industry Aggregator
Chennai Tech Pro 878,https://www.chennaitechpro878.in,"Porur, Chennai",SaaS,Company,Industry Aggregator
Chennai Tech Pro 879,https://www.chennaitechpro879.in,"Velachery, Chennai",Digital Agency,Company,Industry Aggregator
Chennai Tech Pro 880,https://www.chennaitechpro880.in,"Tidel Park, Chennai",Cloud Solutions,Company,Industry Aggregator
Chennai Tech Pro 881,https://www.chennaitechpro881.in,"DLF Cyber City, Chennai",BPO Services,Company,Industry Aggregator
Chennai Tech Pro 882,https://www.chennaitechpro882.in,"OMR, Chennai",IT Services,Company,Industry Aggregator
Chennai Tech Pro 883,https://www.chennaitechpro883.in,"Siruseri, Chennai",Software Solutions,Company,Industry Aggregator
Chennai Tech Pro 884,https://www.chennaitechpro884.in,"Guindy, Chennai",Fintech,Company,Industry Aggregator
Chennai Tech Pro 885,https://www.chennaitechpro885.in,"Ambattur, Chennai",Cybersecurity,Company,Industry Aggregator
Chennai Tech Pro 886,https://www.chennaitechpro886.in,"Taramani, Chennai",SaaS,Company,Industry Aggregator
Chennai Tech Pro 887,https://www.chennaitechpro887.in,"Perungudi, Chennai",Digital Agency,Company,Industry Aggregator
Chennai Tech Pro 888,https://www.chennaitechpro888.in,"Sholinganallur, Chennai",Cloud Solutions,Company,Industry Aggregator
Chennai Tech Pro 889,https://www.chennaitechpro889.in,"Navallur, Chennai",BPO Services,Company,Industry Aggregator
Chennai Tech Pro 890,https://www.chennaitechpro890.in,"Porur, Chennai",IT Services,Company,Industry Aggregator
Chennai Tech Pro 891,https://www.chennaitechpro891.in,"Velachery, Chennai",Software Solutions,Company,Industry Aggregator
Chennai Tech Pro 892,https://www.chennaitechpro892.in,"Tidel Park, Chennai",Fintech,Company,Industry Aggregator
Chennai Tech Pro 893,https://www.chennaitechpro893.in,"DLF Cyber City, Chennai",Cybersecurity,Company,Industry Aggregator
Chennai Tech Pro 894,https://www.chennaitechpro894.in,"OMR, Chennai",SaaS,Company,Industry Aggregator
Chennai Tech Pro 895,https://www.chennaitechpro895.in,"Siruseri, Chennai",Digital Agency,Company,Industry Aggregator
Chennai Tech Pro 896,https://www.chennaitechpro896.in,"Guindy, Chennai",Cloud Solutions,Company,Industry Aggregator
Chennai Tech Pro 897,https://www.chennaitechpro897.in,"Ambattur, Chennai",BPO Services,Company,Industry Aggregator
Chennai Tech Pro 898,https://www.chennaitechpro898.in,"Taramani, Chennai",IT Services,Company,Industry Aggregator
Chennai Tech Pro 899,https://www.chennaitechpro899.in,"Perungudi, Chennai",Software Solutions,Company,Industry Aggregator
Chennai Tech Pro 900,https://www.chennaitechpro900.in,"Sholinganallur, Chennai",Fintech,Company,Industry Aggregator
Chennai Tech Pro 901,https://www.chennaitechpro901.in,"Navallur, Chennai",Cybersecurity,Company,Industry Aggregator
Chennai Tech Pro 902,https://www.chennaitechpro902.in,"Porur, Chennai",SaaS,Company,Industry Aggregator
Chennai Tech Pro 903,https://www.chennaitechpro903.in,"Velachery, Chennai",Digital Agency,Company,Industry Aggregator
Chennai Tech Pro 904,https://www.chennaitechpro904.in,"Tidel Park, Chennai",Cloud Solutions,Company,Industry Aggregator
Chennai Tech Pro 905,https://www.chennaitechpro905.in,"DLF Cyber City, Chennai",BPO Services,Company,Industry Aggregator
Chennai Tech Pro 906,https://www.chennaitechpro906.in,"OMR, Chennai",IT Services,Company,Industry Aggregator
Chennai Tech Pro 907,https://www.chennaitechpro907.in,"Siruseri, Chennai",Software Solutions,Company,Industry Aggregator
Chennai Tech Pro 908,https://www.chennaitechpro908.in,"Guindy, Chennai",Fintech,Company,Industry Aggregator
Chennai Tech Pro 909,https://www.chennaitechpro909.in,"Ambattur, Chennai",Cybersecurity,Company,Industry Aggregator
Chennai Tech Pro 910,https://www.chennaitechpro910.in,"Taramani, Chennai",SaaS,Company,Industry Aggregator
Chennai Tech Pro 911,https://www.chennaitechpro911.in,"Perungudi, Chennai",Digital Agency,Company,Industry Aggregator
Chennai Tech Pro 912,https://www.chennaitechpro912.in,"Sholinganallur, Chennai",Cloud Solutions,Company,Industry Aggregator
Chennai Tech Pro 913,https://www.chennaitechpro913.in,"Navallur, Chennai",BPO Services,Company,Industry Aggregator
Chennai Tech Pro 914,https://www.chennaitechpro914.in,"Porur, Chennai",IT Services,Company,Industry Aggregator
Chennai Tech Pro 915,https://www.chennaitechpro915.in,"Velachery, Chennai",Software Solutions,Company,Industry Aggregator
Chennai Tech Pro 916,https://www.chennaitechpro916.in,"Tidel Park, Chennai",Fintech,Company,Industry Aggregator
Chennai Tech Pro 917,https://www.chennaitechpro917.in,"DLF Cyber City, Chennai",Cybersecurity,Company,Industry Aggregator
Chennai Tech Pro 918,https://www.chennaitechpro918.in,"OMR, Chennai",SaaS,Company,Industry Aggregator
Chennai Tech Pro 919,https://www.chennaitechpro919.in,"Siruseri, Chennai",Digital Agency,Company,Industry Aggregator
Chennai Tech Pro 920,https://www.chennaitechpro920.in,"Guindy, Chennai",Cloud Solutions,Company,Industry Aggregator
Chennai Tech Pro 921,https://www.chennaitechpro921.in,"Ambattur, Chennai",BPO Services,Company,Industry Aggregator
Chennai Tech Pro 922,https://www.chennaitechpro922.in,"Taramani, Chennai",IT Services,Company,Industry Aggregator
Chennai Tech Pro 923,https://www.chennaitechpro923.in,"Perungudi, Chennai",Software Solutions,Company,Industry Aggregator
Chennai Tech Pro 924,https://www.chennaitechpro924.in,"Sholinganallur, Chennai",Fintech,Company,Industry Aggregator
Chennai Tech Pro 925,https://www.chennaitechpro925.in,"Navallur, Chennai",Cybersecurity,Company,Industry Aggregator
Chennai Tech Pro 926,https://www.chennaitechpro926.in,"Porur, Chennai",SaaS,Company,Industry Aggregator
Chennai Tech Pro 927,https://www.chennaitechpro927.in,"Velachery, Chennai",Digital Agency,Company,Industry Aggregator
Chennai Tech Pro 928,https://www.chennaitechpro928.in,"Tidel Park, Chennai",Cloud Solutions,Company,Industry Aggregator
Chennai Tech Pro 929,https://www.chennaitechpro929.in,"DLF Cyber City, Chennai",BPO Services,Company,Industry Aggregator
Chennai Tech Pro 930,https://www.chennaitechpro930.in,"OMR, Chennai",IT Services,Company,Industry Aggregator
Chennai Tech Pro 931,https://www.chennaitechpro931.in,"Siruseri, Chennai",Software Solutions,Company,Industry Aggregator
Chennai Tech Pro 932,https://www.chennaitechpro932.in,"Guindy, Chennai",Fintech,Company,Industry Aggregator
Chennai Tech Pro 933,https://www.chennaitechpro933.in,"Ambattur, Chennai",Cybersecurity,Company,Industry Aggregator
Chennai Tech Pro 934,https://www.chennaitechpro934.in,"Taramani, Chennai",SaaS,Company,Industry Aggregator
Chennai Tech Pro 935,https://www.chennaitechpro935.in,"Perungudi, Chennai",Digital Agency,Company,Industry Aggregator
Chennai Tech Pro 936,https://www.chennaitechpro936.in,"Sholinganallur, Chennai",Cloud Solutions,Company,Industry Aggregator
Chennai Tech Pro 937,https://www.chennaitechpro937.in,"Navallur, Chennai",BPO Services,Company,Industry Aggregator
Chennai Tech Pro 938,https://www.chennaitechpro938.in,"Porur, Chennai",IT Services,Company,Industry Aggregator
Chennai Tech Pro 939,https://www.chennaitechpro939.in,"Velachery, Chennai",Software Solutions,Company,Industry Aggregator
Chennai Tech Pro 940,https://www.chennaitechpro940.in,"Tidel Park, Chennai",Fintech,Company,Industry Aggregator
Chennai Tech Pro 941,https://www.chennaitechpro941.in,"DLF Cyber City, Chennai",Cybersecurity,Company,Industry Aggregator
Chennai Tech Pro 942,https://www.chennaitechpro942.in,"OMR, Chennai",SaaS,Company,Industry Aggregator
Chennai Tech Pro 943,https://www.chennaitechpro943.in,"Siruseri, Chennai",Digital Agency,Company,Industry Aggregator
Chennai Tech Pro 944,https://www.chennaitechpro944.in,"Guindy, Chennai",Cloud Solutions,Company,Industry Aggregator
Chennai Tech Pro 945,https://www.chennaitechpro945.in,"Ambattur, Chennai",BPO Services,Company,Industry Aggregator
Chennai Tech Pro 946,https://www.chennaitechpro946.in,"Taramani, Chennai",IT Services,Company,Industry Aggregator
Chennai Tech Pro 947,https://www.chennaitechpro947.in,"Perungudi, Chennai",Software Solutions,Company,Industry Aggregator
Chennai Tech Pro 948,https://www.chennaitechpro948.in,"Sholinganallur, Chennai",Fintech,Company,Industry Aggregator
Chennai Tech Pro 949,https://www.chennaitechpro949.in,"Navallur, Chennai",Cybersecurity,Company,Industry Aggregator
Chennai Tech Pro 950,https://www.chennaitechpro950.in,"Porur, Chennai",SaaS,Company,Industry Aggregator
Chennai Tech Pro 951,https://www.chennaitechpro951.in,"Velachery, Chennai",Digital Agency,Company,Industry Aggregator
Chennai Tech Pro 952,https://www.chennaitechpro952.in,"Tidel Park, Chennai",Cloud Solutions,Company,Industry Aggregator
Chennai Tech Pro 953,https://www.chennaitechpro953.in,"DLF Cyber City, Chennai",BPO Services,Company,Industry Aggregator
Chennai Tech Pro 954,https://www.chennaitechpro954.in,"OMR, Chennai",IT Services,Company,Industry Aggregator
Chennai Tech Pro 955,https://www.chennaitechpro955.in,"Siruseri, Chennai",Software Solutions,Company,Industry Aggregator
Chennai Tech Pro 956,https://www.chennaitechpro956.in,"Guindy, Chennai",Fintech,Company,Industry Aggregator
Chennai Tech Pro 957,https://www.chennaitechpro957.in,"Ambattur, Chennai",Cybersecurity,Company,Industry Aggregator
Chennai Tech Pro 958,https://www.chennaitechpro958.in,"Taramani, Chennai",SaaS,Company,Industry Aggregator
Chennai Tech Pro 959,https://www.chennaitechpro959.in,"Perungudi, Chennai",Digital Agency,Company,Industry Aggregator
Chennai Tech Pro 960,https://www.chennaitechpro960.in,"Sholinganallur, Chennai",Cloud Solutions,Company,Industry Aggregator
Chennai Tech Pro 961,https://www.chennaitechpro961.in,"Navallur, Chennai",BPO Services,Company,Industry Aggregator
Chennai Tech Pro 962,https://www.chennaitechpro962.in,"Porur, Chennai",IT Services,Company,Industry Aggregator
Chennai Tech Pro 963,https://www.chennaitechpro963.in,"Velachery, Chennai",Software Solutions,Company,Industry Aggregator
Chennai Tech Pro 964,https://www.chennaitechpro964.in,"Tidel Park, Chennai",Fintech,Company,Industry Aggregator
Chennai Tech Pro 965,https://www.chennaitechpro965.in,"DLF Cyber City, Chennai",Cybersecurity,Company,Industry Aggregator
Chennai Tech Pro 966,https://www.chennaitechpro966.in,"OMR, Chennai",SaaS,Company,Industry Aggregator
Chennai Tech Pro 967,https://www.chennaitechpro967.in,"Siruseri, Chennai",Digital Agency,Company,Industry Aggregator
Chennai Tech Pro 968,https://www.chennaitechpro968.in,"Guindy, Chennai",Cloud Solutions,Company,Industry Aggregator
Chennai Tech Pro 969,https://www.chennaitechpro969.in,"Ambattur, Chennai",BPO Services,Company,Industry Aggregator
Chennai Tech Pro 970,https://www.chennaitechpro970.in,"Taramani, Chennai",IT Services,Company,Industry Aggregator
Chennai Tech Pro 971,https://www.chennaitechpro971.in,"Perungudi, Chennai",Software Solutions,Company,Industry Aggregator
Chennai Tech Pro 972,https://www.chennaitechpro972.in,"Sholinganallur, Chennai",Fintech,Company,Industry Aggregator
Chennai Tech Pro 973,https://www.chennaitechpro973.in,"Navallur, Chennai",Cybersecurity,Company,Industry Aggregator
Chennai Tech Pro 974,https://www.chennaitechpro974.in,"Porur, Chennai",SaaS,Company,Industry Aggregator
Chennai Tech Pro 975,https://www.chennaitechpro975.in,"Velachery, Chennai",Digital Agency,Company,Industry Aggregator
Chennai Tech Pro 976,https://www.chennaitechpro976.in,"Tidel Park, Chennai",Cloud Solutions,Company,Industry Aggregator
Chennai Tech Pro 977,https://www.chennaitechpro977.in,"DLF Cyber City, Chennai",BPO Services,Company,Industry Aggregator
Chennai Tech Pro 978,https://www.chennaitechpro978.in,"OMR, Chennai",IT Services,Company,Industry Aggregator
Chennai Tech Pro 979,https://www.chennaitechpro979.in,"Siruseri, Chennai",Software Solutions,Company,Industry Aggregator
Chennai Tech Pro 980,https://www.chennaitechpro980.in,"Guindy, Chennai",Fintech,Company,Industry Aggregator
Chennai Tech Pro 981,https://www.chennaitechpro981.in,"Ambattur, Chennai",Cybersecurity,Company,Industry Aggregator
Chennai Tech Pro 982,https://www.chennaitechpro982.in,"Taramani, Chennai",SaaS,Company,Industry Aggregator
Chennai Tech Pro 983,https://www.chennaitechpro983.in,"Perungudi, Chennai",Digital Agency,Company,Industry Aggregator
Chennai Tech Pro 984,https://www.chennaitechpro984.in,"Sholinganallur, Chennai",Cloud Solutions,Company,Industry Aggregator
Chennai Tech Pro 985,https://www.chennaitechpro985.in,"Navallur, Chennai",BPO Services,Company,Industry Aggregator
Chennai Tech Pro 986,https://www.chennaitechpro986.in,"Porur, Chennai",IT Services,Company,Industry Aggregator
Chennai Tech Pro 987,https://www.chennaitechpro987.in,"Velachery, Chennai",Software Solutions,Company,Industry Aggregator
Chennai Tech Pro 988,https://www.chennaitechpro988.in,"Tidel Park, Chennai",Fintech,Company,Industry Aggregator
Chennai Tech Pro 989,https://www.chennaitechpro989.in,"DLF Cyber City, Chennai",Cybersecurity,Company,Industry Aggregator
Chennai Tech Pro 990,https://www.chennaitechpro990.in,"OMR, Chennai",SaaS,Company,Industry Aggregator
Chennai Tech Pro 991,https://www.chennaitechpro991.in,"Siruseri, Chennai",Digital Agency,Company,Industry Aggregator
Chennai Tech Pro 992,https://www.chennaitechpro992.in,"Guindy, Chennai",Cloud Solutions,Company,Industry Aggregator
Chennai Tech Pro 993,https://www.chennaitechpro993.in,"Ambattur, Chennai",BPO Services,Company,Industry Aggregator
Chennai Tech Pro 994,https://www.chennaitechpro994.in,"Taramani, Chennai",IT Services,Company,Industry Aggregator
Chennai Tech Pro 995,https://www.chennaitechpro995.in,"Perungudi, Chennai",Software Solutions,Company,Industry Aggregator
Chennai Tech Pro 996,https://www.chennaitechpro996.in,"Sholinganallur, Chennai",Fintech,Company,Industry Aggregator
Chennai Tech Pro 997,https://www.chennaitechpro997.in,"Navallur, Chennai",Cybersecurity,Company,Industry Aggregator
Chennai Tech Pro 998,https://www.chennaitechpro998.in,"Porur, Chennai",SaaS,Company,Industry Aggregator
Chennai Tech Pro 999,https://www.chennaitechpro999.in,"Velachery, Chennai",Digital Agency,Company,Industry Aggregator
Chennai Tech Pro 1000,https://www.chennaitechpro1000.in,"Tidel Park, Chennai",Cloud Solutions,Company,Industry Aggregator
